-- phpMyAdmin SQL Dump
-- version 4.8.4
-- https://www.phpmyadmin.net/
--
-- Host: 127.0.0.1
-- Generation Time: Jul 23, 2020 at 02:25 PM
-- Server version: 10.1.37-MariaDB
-- PHP Version: 7.2.13

SET SQL_MODE = "NO_AUTO_VALUE_ON_ZERO";
SET AUTOCOMMIT = 0;
START TRANSACTION;
SET time_zone = "+00:00";


/*!40101 SET @OLD_CHARACTER_SET_CLIENT=@@CHARACTER_SET_CLIENT */;
/*!40101 SET @OLD_CHARACTER_SET_RESULTS=@@CHARACTER_SET_RESULTS */;
/*!40101 SET @OLD_COLLATION_CONNECTION=@@COLLATION_CONNECTION */;
/*!40101 SET NAMES utf8mb4 */;

--
-- Database: `lms`
--

-- --------------------------------------------------------

--
-- Table structure for table `ampu`
--

CREATE TABLE `ampu` (
  `id_ampu` mediumint(6) UNSIGNED NOT NULL,
  `id_mapel` smallint(4) UNSIGNED NOT NULL,
  `id_guru` tinyint(3) UNSIGNED NOT NULL,
  `id_kelas` smallint(3) UNSIGNED NOT NULL
) ENGINE=InnoDB DEFAULT CHARSET=latin1;

--
-- Dumping data for table `ampu`
--

INSERT INTO `ampu` (`id_ampu`, `id_mapel`, `id_guru`, `id_kelas`) VALUES
(1, 1, 2, 109),
(2, 1, 4, 110),
(3, 1, 4, 111),
(4, 1, 3, 112),
(5, 1, 3, 113),
(6, 1, 2, 118),
(7, 1, 2, 119),
(8, 1, 5, 105),
(9, 1, 5, 106),
(10, 1, 3, 107),
(11, 1, 3, 108),
(12, 1, 5, 114),
(13, 1, 1, 115),
(14, 1, 1, 116),
(15, 1, 2, 101),
(16, 1, 2, 102),
(17, 1, 1, 120),
(18, 1, 1, 117),
(19, 1, 4, 103),
(20, 1, 5, 104),
(21, 48, 4, 209),
(22, 48, 4, 210),
(23, 48, 5, 211),
(24, 48, 3, 212),
(25, 48, 3, 213),
(26, 48, 2, 217),
(27, 48, 3, 218),
(28, 48, 5, 205),
(29, 48, 2, 206),
(30, 48, 2, 207),
(31, 48, 3, 208),
(32, 48, 1, 214),
(33, 48, 1, 215),
(34, 48, 2, 216),
(35, 48, 4, 201),
(36, 48, 5, 202),
(37, 48, 1, 219),
(38, 48, 1, 220),
(39, 48, 5, 203),
(40, 48, 4, 204),
(41, 104, 5, 309),
(42, 104, 5, 310),
(43, 104, 4, 311),
(44, 104, 3, 312),
(45, 104, 2, 313),
(46, 104, 2, 317),
(47, 104, 3, 318),
(48, 104, 3, 305),
(49, 104, 2, 306),
(50, 104, 3, 307),
(51, 104, 3, 308),
(52, 104, 1, 314),
(53, 104, 1, 315),
(54, 104, 1, 316),
(55, 104, 4, 301),
(56, 104, 5, 302),
(57, 104, 1, 319),
(58, 104, 5, 320),
(59, 104, 4, 303),
(60, 104, 5, 304),
(61, 2, 42, 109),
(62, 2, 42, 110),
(63, 2, 42, 111),
(64, 2, 42, 112),
(65, 2, 42, 113),
(66, 2, 42, 118),
(67, 2, 42, 119),
(68, 2, 42, 105),
(69, 2, 42, 106),
(70, 2, 42, 107),
(71, 2, 42, 108),
(72, 2, 42, 114),
(73, 2, 42, 115),
(74, 2, 42, 116),
(75, 2, 42, 101),
(76, 2, 42, 102),
(77, 2, 42, 120),
(78, 2, 42, 117),
(79, 2, 42, 103),
(80, 2, 42, 104),
(81, 49, 41, 209),
(82, 49, 40, 210),
(83, 49, 40, 211),
(84, 49, 41, 212),
(85, 49, 41, 213),
(86, 49, 40, 217),
(87, 49, 41, 218),
(88, 49, 41, 205),
(89, 49, 40, 206),
(90, 49, 40, 207),
(91, 49, 40, 208),
(92, 49, 41, 214),
(93, 49, 40, 215),
(94, 49, 40, 216),
(95, 49, 40, 201),
(96, 49, 41, 202),
(97, 49, 41, 219),
(98, 49, 41, 220),
(99, 49, 41, 203),
(100, 49, 40, 204),
(101, 105, 40, 309),
(102, 105, 40, 310),
(103, 105, 40, 311),
(104, 105, 40, 312),
(105, 105, 40, 313),
(106, 105, 41, 317),
(107, 105, 41, 318),
(108, 105, 41, 305),
(109, 105, 41, 306),
(110, 105, 41, 307),
(111, 105, 41, 308),
(112, 105, 40, 314),
(113, 105, 40, 315),
(114, 105, 41, 316),
(115, 105, 41, 301),
(116, 105, 41, 302),
(117, 105, 41, 319),
(118, 105, 40, 320),
(119, 105, 40, 303),
(120, 105, 40, 304),
(121, 3, 35, 109),
(122, 3, 33, 110),
(123, 3, 36, 111),
(124, 3, 33, 112),
(125, 3, 34, 113),
(126, 3, 34, 118),
(127, 3, 35, 119),
(128, 3, 37, 105),
(129, 3, 37, 106),
(130, 3, 35, 107),
(131, 3, 32, 108),
(132, 3, 36, 114),
(133, 3, 36, 115),
(134, 3, 37, 116),
(135, 3, 36, 101),
(136, 3, 36, 102),
(137, 3, 37, 120),
(138, 3, 37, 117),
(139, 3, 31, 103),
(140, 3, 31, 104),
(141, 50, 33, 209),
(142, 50, 31, 210),
(143, 50, 31, 211),
(144, 50, 36, 212),
(145, 50, 34, 213),
(146, 50, 34, 217),
(147, 50, 35, 218),
(148, 50, 35, 205),
(149, 50, 32, 206),
(150, 50, 32, 207),
(151, 50, 36, 208),
(152, 50, 33, 214),
(153, 50, 34, 215),
(154, 50, 35, 216),
(155, 50, 33, 201),
(156, 50, 31, 202),
(157, 50, 31, 219),
(158, 50, 35, 220),
(159, 50, 34, 203),
(160, 50, 33, 204),
(161, 106, 35, 309),
(162, 106, 34, 310),
(163, 106, 33, 311),
(164, 106, 34, 312),
(165, 106, 32, 313),
(166, 106, 33, 317),
(167, 106, 33, 318),
(168, 106, 31, 305),
(169, 106, 31, 306),
(170, 106, 32, 307),
(171, 106, 34, 308),
(172, 106, 31, 314),
(173, 106, 34, 315),
(174, 106, 31, 316),
(175, 106, 35, 301),
(176, 106, 36, 302),
(177, 106, 36, 319),
(178, 106, 35, 320),
(179, 106, 32, 303),
(180, 106, 33, 304),
(181, 4, 56, 109),
(182, 4, 53, 110),
(183, 4, 54, 111),
(184, 4, 52, 112),
(185, 4, 55, 113),
(186, 4, 55, 118),
(187, 4, 52, 119),
(188, 4, 52, 105),
(189, 4, 53, 106),
(190, 4, 51, 107),
(191, 4, 51, 108),
(192, 4, 58, 114),
(193, 4, 51, 115),
(194, 4, 54, 116),
(195, 4, 56, 101),
(196, 4, 56, 102),
(197, 4, 58, 120),
(198, 4, 58, 117),
(199, 4, 57, 103),
(200, 4, 57, 104),
(201, 51, 54, 209),
(202, 51, 55, 210),
(203, 51, 57, 211),
(204, 51, 58, 212),
(205, 51, 52, 213),
(206, 51, 53, 217),
(207, 51, 52, 218),
(208, 51, 53, 205),
(209, 51, 56, 206),
(210, 51, 54, 207),
(211, 51, 52, 208),
(212, 51, 54, 214),
(213, 51, 51, 215),
(214, 51, 51, 216),
(215, 51, 51, 201),
(216, 51, 55, 202),
(217, 51, 57, 219),
(218, 51, 54, 220),
(219, 51, 58, 203),
(220, 51, 56, 204),
(221, 107, 55, 309),
(222, 107, 51, 310),
(223, 107, 57, 311),
(224, 107, 57, 312),
(225, 107, 53, 313),
(226, 107, 57, 317),
(227, 107, 54, 318),
(228, 107, 55, 305),
(229, 107, 55, 306),
(230, 107, 56, 307),
(231, 107, 56, 308),
(232, 107, 53, 314),
(233, 107, 53, 315),
(234, 107, 52, 316),
(235, 107, 51, 301),
(236, 107, 54, 302),
(237, 107, 52, 319),
(238, 107, 58, 320),
(239, 107, 58, 303),
(240, 107, 58, 304),
(241, 5, 84, 109),
(242, 5, 84, 110),
(243, 5, 85, 111),
(244, 5, 85, 112),
(245, 5, 85, 113),
(246, 5, 85, 118),
(247, 5, 85, 119),
(248, 5, 84, 105),
(249, 5, 84, 106),
(250, 5, 84, 107),
(251, 5, 85, 108),
(252, 5, 84, 114),
(253, 5, 84, 115),
(254, 5, 84, 116),
(255, 5, 85, 101),
(256, 5, 85, 102),
(257, 5, 84, 120),
(258, 5, 84, 117),
(259, 5, 85, 103),
(260, 5, 85, 104),
(261, 6, 29, 109),
(262, 6, 29, 110),
(263, 6, 28, 111),
(264, 6, 27, 112),
(265, 6, 30, 113),
(266, 6, 30, 118),
(267, 6, 30, 119),
(268, 6, 26, 105),
(269, 6, 26, 106),
(270, 6, 30, 107),
(271, 6, 30, 108),
(272, 6, 29, 114),
(273, 6, 30, 115),
(274, 6, 30, 116),
(275, 6, 25, 101),
(276, 6, 25, 102),
(277, 6, 30, 120),
(278, 6, 27, 117),
(279, 6, 30, 103),
(280, 6, 28, 104),
(281, 52, 28, 209),
(282, 52, 28, 210),
(283, 52, 25, 211),
(284, 52, 26, 212),
(285, 52, 27, 213),
(286, 52, 28, 217),
(287, 52, 28, 218),
(288, 52, 29, 205),
(289, 52, 29, 206),
(290, 52, 25, 207),
(291, 52, 25, 208),
(292, 52, 27, 214),
(293, 52, 26, 215),
(294, 52, 25, 216),
(295, 52, 26, 201),
(296, 52, 26, 202),
(297, 52, 29, 219),
(298, 52, 29, 220),
(299, 52, 27, 203),
(300, 52, 27, 204),
(301, 108, 27, 309),
(302, 108, 27, 310),
(303, 108, 27, 311),
(304, 108, 26, 312),
(305, 108, 26, 313),
(306, 108, 27, 317),
(307, 108, 25, 318),
(308, 108, 28, 305),
(309, 108, 28, 306),
(310, 108, 28, 307),
(311, 108, 25, 308),
(312, 108, 25, 314),
(313, 108, 25, 315),
(314, 108, 26, 316),
(315, 108, 27, 301),
(316, 108, 29, 302),
(317, 108, 29, 319),
(318, 108, 29, 320),
(319, 108, 26, 303),
(320, 108, 26, 304),
(321, 7, 83, 109),
(322, 7, 83, 110),
(323, 7, 83, 111),
(324, 7, 83, 112),
(325, 7, 83, 113),
(326, 7, 83, 118),
(327, 7, 83, 119),
(328, 7, 83, 105),
(329, 7, 83, 106),
(330, 7, 83, 107),
(331, 7, 83, 108),
(332, 7, 83, 114),
(333, 7, 39, 115),
(334, 7, 39, 116),
(335, 7, 38, 101),
(336, 7, 38, 102),
(337, 7, 39, 120),
(338, 7, 38, 117),
(339, 7, 38, 103),
(340, 7, 38, 104),
(341, 8, 60, 109),
(342, 8, 60, 110),
(343, 8, 60, 111),
(344, 8, 59, 112),
(345, 8, 59, 113),
(346, 8, 60, 118),
(347, 8, 60, 119),
(348, 8, 59, 105),
(349, 8, 59, 106),
(350, 8, 59, 107),
(351, 8, 60, 108),
(352, 8, 60, 114),
(353, 8, 61, 115),
(354, 8, 61, 116),
(355, 8, 61, 101),
(356, 8, 61, 102),
(357, 8, 61, 120),
(358, 8, 61, 117),
(359, 8, 59, 103),
(360, 8, 59, 104),
(361, 53, 61, 209),
(362, 53, 60, 210),
(363, 53, 59, 211),
(364, 8, 59, 212),
(365, 8, 59, 213),
(366, 53, 59, 217),
(367, 53, 61, 218),
(368, 53, 61, 205),
(369, 53, 61, 206),
(370, 53, 61, 207),
(371, 53, 60, 208),
(372, 53, 60, 214),
(373, 53, 60, 215),
(374, 53, 61, 216),
(375, 53, 61, 201),
(376, 53, 61, 202),
(377, 53, 60, 219),
(378, 53, 60, 220),
(379, 53, 59, 203),
(380, 53, 59, 204),
(381, 9, 15, 109),
(382, 9, 15, 110),
(383, 9, 15, 111),
(384, 9, 24, 112),
(385, 9, 24, 113),
(386, 9, 24, 118),
(387, 9, 24, 119),
(388, 9, 24, 105),
(389, 9, 24, 106),
(390, 9, 24, 107),
(391, 9, 24, 108),
(392, 9, 24, 114),
(393, 9, 15, 115),
(394, 9, 15, 116),
(395, 9, 15, 101),
(396, 9, 15, 102),
(397, 9, 15, 120),
(398, 9, 15, 117),
(399, 9, 15, 103),
(400, 9, 15, 104),
(401, 10, 76, 109),
(402, 10, 76, 110),
(403, 10, 13, 111),
(404, 10, 13, 112),
(405, 10, 13, 113),
(406, 10, 13, 107),
(407, 10, 13, 108),
(408, 11, 47, 118),
(409, 11, 47, 119),
(410, 11, 96, 120),
(411, 12, 13, 109),
(412, 12, 13, 110),
(413, 12, 13, 111),
(414, 12, 13, 112),
(415, 12, 13, 113),
(416, 12, 13, 107),
(417, 12, 13, 108),
(418, 13, 24, 105),
(419, 13, 24, 106),
(420, 13, 24, 101),
(421, 13, 24, 102),
(422, 13, 24, 103),
(423, 13, 24, 104),
(424, 14, 39, 109),
(425, 14, 39, 110),
(426, 14, 39, 111),
(427, 14, 39, 112),
(428, 14, 39, 113),
(429, 14, 39, 107),
(430, 14, 39, 108),
(431, 15, 39, 114),
(432, 15, 39, 115),
(433, 15, 39, 116),
(434, 15, 39, 117),
(435, 16, 64, 114),
(436, 16, 64, 115),
(437, 16, 64, 116),
(438, 16, 15, 117),
(439, 17, 38, 105),
(440, 17, 38, 106),
(441, 17, 38, 101),
(442, 17, 38, 102),
(443, 17, 38, 103),
(444, 17, 38, 104),
(445, 18, 87, 109),
(446, 18, 87, 110),
(447, 18, 87, 111),
(448, 18, 86, 112),
(449, 18, 86, 113),
(450, 18, 86, 118),
(451, 18, 86, 119),
(452, 18, 50, 105),
(453, 18, 50, 106),
(454, 18, 87, 107),
(455, 18, 87, 108),
(456, 18, 87, 114),
(457, 18, 87, 115),
(458, 18, 87, 116),
(459, 18, 86, 101),
(460, 18, 86, 102),
(461, 18, 50, 120),
(462, 18, 50, 117),
(463, 18, 86, 103),
(464, 18, 86, 104),
(465, 19, 22, 118),
(466, 19, 22, 119),
(467, 19, 96, 120),
(468, 20, 13, 109),
(469, 20, 13, 110),
(470, 20, 13, 111),
(471, 21, 10, 109),
(472, 21, 10, 110),
(473, 21, 10, 111),
(474, 22, 11, 109),
(475, 22, 11, 110),
(476, 22, 11, 111),
(477, 23, 12, 109),
(478, 23, 12, 110),
(479, 23, 12, 111),
(480, 24, 75, 112),
(481, 24, 75, 113),
(482, 25, 74, 112),
(483, 25, 74, 113),
(484, 26, 73, 112),
(485, 26, 73, 113),
(486, 27, 20, 118),
(487, 27, 20, 119),
(488, 28, 21, 118),
(489, 28, 21, 119),
(490, 29, 21, 118),
(491, 29, 21, 119),
(492, 30, 87, 107),
(493, 30, 87, 108),
(494, 31, 70, 107),
(495, 31, 70, 108),
(496, 32, 71, 107),
(497, 32, 71, 108),
(498, 33, 66, 114),
(499, 33, 66, 115),
(500, 33, 66, 116),
(501, 34, 67, 114),
(502, 34, 67, 115),
(503, 34, 67, 116),
(504, 35, 67, 114),
(505, 35, 67, 115),
(506, 35, 67, 116),
(507, 36, 65, 114),
(508, 36, 65, 115),
(509, 36, 65, 116),
(510, 37, 95, 120),
(511, 38, 94, 120),
(512, 39, 94, 120),
(513, 40, 14, 117),
(514, 41, 15, 117),
(515, 42, 15, 117),
(516, 43, 15, 117),
(517, 44, 48, 105),
(518, 44, 48, 106),
(519, 44, 81, 101),
(520, 44, 81, 102),
(521, 44, 91, 103),
(522, 44, 91, 104),
(523, 45, 46, 105),
(524, 45, 49, 106),
(525, 45, 81, 101),
(526, 45, 81, 102),
(527, 45, 90, 103),
(528, 45, 90, 104),
(529, 46, 49, 105),
(530, 46, 49, 106),
(531, 46, 79, 101),
(532, 46, 79, 102),
(533, 46, 92, 103),
(534, 46, 92, 104),
(535, 47, 48, 105),
(536, 47, 48, 106),
(537, 47, 82, 101),
(538, 47, 82, 102),
(539, 47, 90, 103),
(540, 47, 90, 104),
(541, 54, 7, 209),
(542, 54, 7, 210),
(543, 54, 7, 211),
(544, 109, 9, 309),
(545, 109, 6, 310),
(546, 109, 6, 311),
(547, 55, 11, 209),
(548, 55, 6, 210),
(549, 55, 6, 211),
(550, 110, 11, 309),
(551, 110, 11, 310),
(552, 110, 11, 311),
(553, 56, 8, 209),
(554, 56, 8, 210),
(555, 56, 8, 211),
(556, 111, 8, 309),
(557, 111, 8, 310),
(558, 111, 9, 311),
(559, 57, 7, 209),
(560, 57, 7, 210),
(561, 57, 7, 211),
(562, 112, 12, 309),
(563, 112, 12, 310),
(564, 112, 7, 311),
(565, 58, 10, 209),
(566, 58, 10, 210),
(567, 58, 10, 211),
(568, 113, 10, 309),
(569, 113, 10, 310),
(570, 113, 10, 311),
(571, 59, 11, 209),
(572, 59, 12, 210),
(573, 59, 10, 211),
(574, 114, 6, 309),
(575, 114, 9, 310),
(576, 114, 6, 311),
(577, 60, 75, 212),
(578, 60, 75, 213),
(579, 115, 74, 312),
(580, 115, 74, 313),
(581, 61, 76, 212),
(582, 61, 76, 213),
(583, 116, 76, 312),
(584, 116, 76, 313),
(585, 62, 73, 212),
(586, 62, 73, 213),
(587, 117, 73, 312),
(588, 117, 73, 313),
(589, 63, 72, 212),
(590, 63, 75, 213),
(591, 118, 74, 312),
(592, 118, 74, 313),
(593, 64, 72, 212),
(594, 64, 72, 213),
(595, 119, 72, 312),
(596, 119, 75, 313),
(597, 65, 22, 217),
(598, 65, 23, 218),
(599, 120, 20, 317),
(600, 120, 20, 318),
(601, 66, 20, 217),
(602, 66, 20, 218),
(603, 121, 22, 317),
(604, 121, 22, 318),
(605, 67, 23, 217),
(606, 67, 23, 218),
(607, 122, 22, 317),
(608, 122, 22, 318),
(609, 68, 23, 217),
(610, 68, 23, 218),
(611, 123, 23, 317),
(612, 123, 23, 318),
(613, 69, 47, 217),
(614, 69, 47, 218),
(615, 124, 21, 317),
(616, 124, 21, 318),
(617, 70, 46, 205),
(618, 70, 46, 206),
(619, 125, 49, 305),
(620, 125, 47, 306),
(621, 71, 45, 205),
(622, 71, 45, 206),
(623, 126, 48, 305),
(624, 126, 48, 306),
(625, 72, 50, 205),
(626, 72, 50, 206),
(627, 127, 46, 305),
(628, 127, 49, 306),
(629, 73, 69, 207),
(630, 73, 69, 208),
(631, 128, 70, 307),
(632, 128, 70, 308),
(633, 74, 68, 207),
(634, 74, 68, 208),
(635, 129, 68, 307),
(636, 129, 68, 308),
(637, 75, 69, 207),
(638, 75, 69, 208),
(639, 130, 69, 307),
(640, 130, 69, 308),
(641, 76, 71, 207),
(642, 76, 71, 208),
(643, 131, 71, 307),
(644, 131, 71, 308),
(645, 77, 70, 207),
(646, 77, 44, 208),
(647, 132, 44, 307),
(648, 132, 44, 308),
(649, 78, 63, 214),
(650, 78, 63, 215),
(651, 78, 63, 216),
(652, 79, 64, 214),
(653, 79, 64, 215),
(654, 79, 63, 216),
(655, 133, 63, 314),
(656, 133, 64, 315),
(657, 133, 65, 316),
(658, 80, 62, 214),
(659, 80, 62, 215),
(660, 80, 62, 216),
(661, 134, 62, 314),
(662, 134, 65, 315),
(663, 134, 66, 316),
(664, 81, 67, 214),
(665, 81, 67, 215),
(666, 81, 66, 216),
(667, 135, 66, 314),
(668, 135, 43, 315),
(669, 135, 62, 316),
(670, 82, 14, 214),
(671, 82, 14, 215),
(672, 82, 14, 216),
(673, 136, 14, 314),
(674, 136, 14, 315),
(675, 136, 14, 316),
(676, 83, 44, 214),
(677, 83, 44, 215),
(678, 83, 44, 216),
(679, 137, 43, 314),
(680, 137, 43, 315),
(681, 137, 43, 316),
(682, 84, 80, 201),
(683, 84, 80, 202),
(684, 85, 82, 201),
(685, 85, 82, 202),
(686, 138, 82, 301),
(687, 138, 82, 302),
(688, 86, 79, 201),
(689, 86, 79, 202),
(690, 139, 79, 301),
(691, 139, 81, 301),
(692, 139, 79, 302),
(693, 139, 81, 302),
(694, 87, 78, 201),
(695, 87, 78, 202),
(696, 140, 77, 301),
(697, 140, 80, 301),
(698, 140, 77, 302),
(699, 140, 80, 302),
(700, 88, 78, 201),
(701, 88, 82, 201),
(702, 88, 78, 202),
(703, 88, 82, 202),
(704, 141, 78, 301),
(705, 141, 80, 301),
(706, 141, 78, 302),
(707, 141, 80, 302),
(708, 89, 96, 219),
(709, 89, 93, 220),
(710, 142, 96, 319),
(711, 142, 96, 320),
(712, 90, 94, 219),
(713, 90, 95, 220),
(714, 143, 95, 319),
(715, 143, 96, 320),
(716, 91, 96, 219),
(717, 91, 96, 220),
(718, 92, 95, 219),
(719, 92, 95, 220),
(720, 144, 94, 319),
(721, 144, 94, 320),
(722, 93, 93, 219),
(723, 93, 93, 220),
(724, 145, 93, 319),
(725, 145, 93, 320),
(726, 99, 91, 203),
(727, 99, 91, 204),
(728, 100, 92, 203),
(729, 100, 92, 204),
(730, 150, 92, 303),
(731, 150, 92, 304),
(732, 101, 88, 203),
(733, 101, 88, 204),
(734, 151, 88, 303),
(735, 151, 88, 304),
(736, 102, 90, 203),
(737, 102, 90, 204),
(738, 152, 89, 303),
(739, 152, 89, 304),
(740, 103, 91, 203),
(741, 103, 91, 204),
(742, 153, 89, 303),
(743, 153, 89, 304);

-- --------------------------------------------------------

--
-- Table structure for table `guru`
--

CREATE TABLE `guru` (
  `id_guru` tinyint(3) UNSIGNED NOT NULL,
  `kd_guru` varchar(255) NOT NULL,
  `nm_guru` varchar(255) NOT NULL,
  `username` varchar(255) NOT NULL,
  `password` char(40) DEFAULT NULL
) ENGINE=InnoDB DEFAULT CHARSET=latin1;

--
-- Dumping data for table `guru`
--

INSERT INTO `guru` (`id_guru`, `kd_guru`, `nm_guru`, `username`, `password`) VALUES
(1, 'AG1', 'Sri Ilmiyati Zakiyah, S.Ag', 'AG1', '1138'),
(2, 'AG2', 'Slamet Hariyadi, S.Ag', 'AG2', '9930'),
(3, 'AG3', 'Haris Budi Utomo, S.Pd', 'AG3', '6149'),
(4, 'AG4', 'Istiqomah, S.Ag', 'AG4', '5102'),
(5, 'AG5', 'Muzaki, S.Pd', 'AG5', '7665'),
(6, 'AK1', 'Dra. Hartati Retno W', 'AK1', '7496'),
(7, 'AK2', 'Heri Nurhadi, S.E', 'AK2', '9096'),
(8, 'AK3', 'Dra. Zulfah', 'AK3', '9573'),
(9, 'AK4', 'Dwi Warsi Mimien K, S.Pd', 'AK4', '5749'),
(10, 'AK5', 'Karsiyahwati, S.E, ', 'AK5', '1471'),
(11, 'AK6', 'Hadi Pranowo, S.E', 'AK6', '2435'),
(12, 'AK7', 'Maulida Latifiyana, S.Pd', 'AK7', '6764'),
(13, 'AK8', 'Lutfita Fariana, S.E.', 'AK8', '7927'),
(14, 'BG1', 'Masrifah Hidayati, S.Pd.', 'BG1', '1590'),
(15, 'BG2', 'Evi Setyaningsih, S.Pd.T', 'BG2', '9302'),
(16, 'BK1', 'Dra. Tri Atmiji', 'BK1', '7126'),
(17, 'BK2', 'Drs. Budi Priyo jatmiko', 'BK2', '5544'),
(18, 'BK3', 'Mega Silviana , S.Pd.', 'BK3', '7846'),
(19, 'BK4', 'Muhammad Nurhadi, S.Pd', 'BK4', '4303'),
(20, 'DKV1', 'Dimas Sanriki, S.Sn', 'DKV1', '1759'),
(21, 'DKV2', 'Dwi Dedy Susandi,S.Sn', 'DKV2', '5547'),
(22, 'DKV3', 'Mutya Dinda Ardila, S.Kom.', 'DKV3', '7322'),
(23, 'DKV4', 'Rizky Indah Tantri, S.Pd', 'DKV4', '3027'),
(24, 'FIS1', 'Drs. Edy Purdiyanto', 'FIS1', '2937'),
(25, 'IG1', 'Satriyo Joko S, S.E.,M.Pd.', 'IG1', '9009'),
(26, 'IG2', 'Tri Sukesi Sulistyowati, S.Pd', 'IG2', '5071'),
(27, 'IG3', 'Eko Widdy Astuti, M.Pd.', 'IG3', '8468'),
(28, 'IG4', 'Polin Febiana , S.Pd.', 'IG4', '6775'),
(29, 'IG5', 'Ani Eka Nur H, S.Pd.', 'IG5', '2089'),
(30, 'IG6', 'M. Digdaya Kharisma Wibawan, S.Pd', 'IG6', '7829'),
(31, 'IN1', 'Dra. Ida Suryaningrum', 'IN1', '1702'),
(32, 'IN2', 'Suliha, S.Pd.', 'IN2', '6992'),
(33, 'IN3', 'Lilik Ernawati, S.S.', 'IN3', '9535'),
(34, 'IN4', 'Didik  Supriyadi , S.S', 'IN4', '8379'),
(35, 'IN5', 'Dra. Dally Indah Kabul', 'IN5', '8942'),
(36, 'IN6', 'Winda Primasanti, S.Pd.', 'IN6', '3692'),
(37, 'IN7', 'Rinzia Oktaviana Utami, S.Pd', 'IN7', '9523'),
(38, 'KIM1', 'Murniati S.Pd', 'KIM1', '4113'),
(39, 'KIM2', 'Umi  Yuliati Ningsih, S.Pd', 'KIM2', '9017'),
(40, 'KN1', 'Didik Sudarmo, S.Pd', 'KN1', '4427'),
(41, 'KN2', 'Dra. Isti\'ah', 'KN2', '7738'),
(42, 'KN3', 'Hepi Setiawan, S.pd', 'KN3', '5239'),
(43, 'KW1', 'Umi Fitriyani, S.Pd.', 'KW1', '9266'),
(44, 'KW2', 'Elia Rossa, S.Pd.', 'KW2', '7015'),
(45, 'MM1', 'Ferdi Barlianto, S.T.', 'MM1', '3557'),
(46, 'MM2', 'Jaenuri, S.Kom', 'MM2', '6083'),
(47, 'MM3', 'Erni Sukmawati, S.Kom', 'MM3', '3595'),
(48, 'MM4', 'Saugi Yamani, S.Kom', 'MM4', '6316'),
(49, 'MM5', 'Nuansa Rizky Kharosa, S.Kom', 'MM5', '9349'),
(50, 'MM6', 'Drs. Wahyudin', 'MM6', '2069'),
(51, 'MT1', 'Drs. Ganet Supendi, M.Si.', 'MT1', '2986'),
(52, 'MT2', 'Drs. M. Muhlisin', 'MT2', '3129'),
(53, 'MT3', 'Drs. Hasan Asyari', 'MT3', '2073'),
(54, 'MT4', 'Puty Candra D, M.Pd.', 'MT4', '3884'),
(55, 'MT5', 'Endang Wijiati, S.Pd, M.Pd', 'MT5', '6765'),
(56, 'MT6', 'Zakiyatunnida, S.Pd', 'MT6', '1618'),
(57, 'MT7', 'Umi Rahayu, S.Pd.', 'MT7', '2684'),
(58, 'MT8', 'Drs. Pramuji', 'MT8', '3073'),
(59, 'OR1', 'Drs. Joko Triyadni Adi P', 'OR1', '4831'),
(60, 'OR2', 'Drs. Sugiarto, M.Pd.', 'OR2', '7447'),
(61, 'OR3', 'Drs. H. Hanif Irianto', 'OR3', '2328'),
(62, 'PH1', 'Dra. Chorida', 'PH1', '1340'),
(63, 'PH2', 'Dra. Silvi Maharani', 'PH2', '6047'),
(64, 'PH3', 'Rohimah, S.St.Par', 'PH3', '5485'),
(65, 'PH4', 'Endang Istorina, S.St. Par.', 'PH4', '5755'),
(66, 'PH5', 'Hendro Wahyudi, M.Par', 'PH5', '7560'),
(67, 'PH6', 'Mamik Septi S.P', 'PH6', '1828'),
(68, 'PK1', 'Dra. Ida Mia Krismiana', 'PK1', '5679'),
(69, 'PK2', 'Erlina Yunarwati, S.Pd', 'PK2', '7024'),
(70, 'PK3', 'Ida Kristina, S.Pd', 'PK3', '9145'),
(71, 'PK4', 'Erni Wahyuni, S.Pd', 'PK4', '1039'),
(72, 'PM1', 'Drs. Sunyoto', 'PM1', '7028'),
(73, 'PM2', 'Andi Seha, S.Pd', 'PM2', '3349'),
(74, 'PM3', 'Sehani Asriminingsih, S.Pd', 'PM3', '7275'),
(75, 'PM4', 'Ani Puji Astuti, S.Pd', 'PM4', '6280'),
(76, 'PM5', 'Anggun Setyaningtyas, S.Pd', 'PM5', '6777'),
(77, 'RPL1', 'Melanoke Pramanik, S.Kom', 'RPL1', '7643'),
(78, 'RPL2', 'Retno Ires Devina Y, S.ST', 'RPL2', '8849'),
(79, 'RPL3', 'M. Sukman Hadi, S.Kom', 'RPL3', '3554'),
(80, 'RPL4', 'Acriyatul Setyorini, S.ST.', 'RPL4', '9391'),
(81, 'RPL5', 'Aris Munandar, S.Kom', 'RPL5', '8072'),
(82, 'RPL6', 'Noval Harwin Rozin, S.Kom', 'RPL6', '6482'),
(83, 'SB1', 'Yudi Prabasangka, S.Pd.', 'SB1', '4501'),
(84, 'SI1', 'Drs. Kartamun', 'SI1', '5178'),
(85, 'SI2', 'Drs. Heri Sukamto', 'SI2', '5688'),
(86, 'SID1', 'Drs. Ismurdiyanto', 'SID1', '6157'),
(87, 'SID2', 'Katmirah, S.Pd', 'SID2', '9376'),
(88, 'TKJ1', 'Haykal, S.Pd.', 'TKJ1', '7911'),
(89, 'TKJ2', 'Slamet Siswanto U, S.T', 'TKJ2', '5213'),
(90, 'TKJ3', 'Dwi Handayani, S.Kom', 'TKJ3', '3749'),
(91, 'TKJ4', 'Puris Kumalasari Almanar, S.Pd', 'TKJ4', '6130'),
(92, 'TKJ5', 'Yusron Ali Wafa, S.Kom', 'TKJ5', '6198'),
(93, 'TR1', 'Slamet Diharjo, S.Sn', 'TR1', '7887'),
(94, 'TR2', 'Ossy Widya K, S.Pd', 'TR2', '4903'),
(95, 'TR3', 'Yulia Ainul Warda, S.Pd.', 'TR3', '5221'),
(96, 'TR4', 'Laili Khoirun Nisak, S.Pd.', 'TR4', '3043');

-- --------------------------------------------------------

--
-- Table structure for table `kelas`
--

CREATE TABLE `kelas` (
  `id_kelas` smallint(3) UNSIGNED NOT NULL,
  `nm_kelas` varchar(255) NOT NULL,
  `tingkat` set('1','2','3') NOT NULL,
  `id_guru` tinyint(3) UNSIGNED NOT NULL
) ENGINE=InnoDB DEFAULT CHARSET=latin1;

--
-- Dumping data for table `kelas`
--

INSERT INTO `kelas` (`id_kelas`, `nm_kelas`, `tingkat`, `id_guru`) VALUES
(101, 'X RPL 1', '1', 38),
(102, 'X RPL 2', '1', 81),
(103, 'X TKJ 1', '1', 90),
(104, 'X TKJ 2', '1', 91),
(105, 'X MM 1', '1', 50),
(106, 'X MM 2', '1', 53),
(107, 'X OTKP 1', '1', 52),
(108, 'X OTKP 2', '1', 34),
(109, 'X AK 1', '1', 83),
(110, 'X AK 2', '1', 87),
(111, 'X AK 3', '1', 35),
(112, 'X BDPM 1', '1', 29),
(113, 'X BDPM 2', '1', 13),
(114, 'X PH 1', '1', 84),
(115, 'X PH 2', '1', 51),
(116, 'X PH 3', '1', 39),
(117, 'X TB 1', '1', 15),
(118, 'X DKV 1', '1', 86),
(119, 'X DKV 2', '1', 47),
(120, 'X ST 1', '1', 58),
(201, 'XI RPL 1', '2', 79),
(202, 'XI RPL 2', '2', 26),
(203, 'XI TKJ 1', '2', 41),
(204, 'XI TKJ 2', '2', 27),
(205, 'XI MM 1', '2', 46),
(206, 'XI MM 2', '2', 56),
(207, 'XI OTKP 1', '2', 36),
(208, 'XI OTKP 2', '2', 75),
(209, 'XI AK 1', '2', 54),
(210, 'XI AK 2', '2', 71),
(211, 'XI AK 3', '2', 28),
(212, 'XI BDPM 1', '2', 55),
(213, 'XI BDPM 2', '2', 25),
(214, 'XI PH 1', '2', 33),
(215, 'XI PH 2', '2', 67),
(216, 'XI PH 3', '2', 62),
(217, 'XI DKV 1', '2', 40),
(218, 'XI DKV 2', '2', 3),
(219, 'XI ST 1', '2', 57),
(220, 'XI ST 2', '2', 1),
(301, 'XII RPL 1', '3', 80),
(302, 'XII RPL 2', '3', 82),
(303, 'XII TKJ 1', '3', 89),
(304, 'XII TKJ 2', '3', 92),
(305, 'XII MM 1', '3', 31),
(306, 'XII MM 2', '3', 2),
(307, 'XII OTKP 1', '3', 72),
(308, 'XII OTKP 2', '3', 74),
(309, 'XII AK 1', '3', 70),
(310, 'XII AK 2', '3', 44),
(311, 'XII AK 3', '3', 6),
(312, 'XII BDPM 1', '3', 8),
(313, 'XII BDPM 2', '3', 11),
(314, 'XII PH 1', '3', 63),
(315, 'XII PH 2', '3', 43),
(316, 'XII PH 3', '3', 65),
(317, 'XII DKV 1', '3', 22),
(318, 'XII DKV 2', '3', 21),
(319, 'XII ST 1', '3', 95),
(320, 'XII ST 2', '3', 96),
(321, 'X RPL 1 +', '1', 1),
(322, 'percobaan hapus kelas', '2', 1);

-- --------------------------------------------------------

--
-- Table structure for table `log`
--

CREATE TABLE `log` (
  `id_log` int(9) UNSIGNED NOT NULL,
  `id_siswa` smallint(5) UNSIGNED NOT NULL,
  `time` int(10) NOT NULL,
  `isi` varchar(255) NOT NULL
) ENGINE=InnoDB DEFAULT CHARSET=latin1;

-- --------------------------------------------------------

--
-- Table structure for table `mapel`
--

CREATE TABLE `mapel` (
  `id_mapel` smallint(4) UNSIGNED NOT NULL,
  `nm_mapel` varchar(255) NOT NULL,
  `tingkat` set('1','2','3') NOT NULL
) ENGINE=InnoDB DEFAULT CHARSET=latin1;

--
-- Dumping data for table `mapel`
--

INSERT INTO `mapel` (`id_mapel`, `nm_mapel`, `tingkat`) VALUES
(1, 'A1. Pendidikan Agama dan Budi Pekerti', '1'),
(2, 'A2. Pendidikan Pancasila dan Kewarganegaraan', '1'),
(3, 'A3. Bahasa Indonesia', '1'),
(4, 'A4. Matematika', '1'),
(5, 'A5. Sejarah Indonesia', '1'),
(6, 'A6. Bahasa Inggris dan Bahasa Asing Lainnya*)', '1'),
(7, 'B1. Seni Budaya', '1'),
(8, 'B2. Pendidikan Jasmani, Olahraga dan Kesehatan', '1'),
(9, 'B3. Bahasa Jawa', '1'),
(10, 'C1-AU. Administrasi Umum', '1'),
(11, 'C1-DDK. Dasar dasar Kreativitas', '1'),
(12, 'C1-EB. Ekonomi Bisnis', '1'),
(13, 'C1-FIS. Fisika', '1'),
(14, 'C1-IPA. IPA', '1'),
(15, 'C1-IPAT. IPA Terapan', '1'),
(16, 'C1-KEP. Kepariwisataan', '1'),
(17, 'C1-KIM. Kimia', '1'),
(18, 'C1-SIM. Simulasi dan Komunikasi Digital', '1'),
(19, 'C1-TS. Tinjauan Seni', '1'),
(20, 'C2-AK-1. Etika Profesi', '1'),
(21, 'C2-AK-2. Aplikasi Pengolah Angka/Spreadsheet', '1'),
(22, 'C2-AK-3. Akuntansi Dasar', '1'),
(23, 'C2-AK-4. Perbankan Dasar', '1'),
(24, 'C2-BDPM-1. Marketing', '1'),
(25, 'C2-BDPM-2. Perencanaan Bisnis', '1'),
(26, 'C2-BDPM-3. Komunikasi Bisnis', '1'),
(27, 'C2-DKV-1. Dasar-dasar Seni Rupa', '1'),
(28, 'C2-DKV-2. Gambar', '1'),
(29, 'C2-DKV-3. Sketsa', '1'),
(30, 'C2-OTKP-1. Teknologi Perkantoran', '1'),
(31, 'C2-OTKP-2. Korespondensi', '1'),
(32, 'C2-OTKP-3. Kearsipan', '1'),
(33, 'C2-PH-1. Komunikasi Industri Pariwisata', '1'),
(34, 'C2-PH-2. Sanitasi, Hygiene dan Keselamatan Kerja', '1'),
(35, 'C2-PH-3. Administrasi Umum', '1'),
(36, 'C2-PH-4. Bahasa Asing Pilihan', '1'),
(37, 'C2-ST-1. Olah Tubuh', '1'),
(38, 'C2-ST-2. Gerak Dasar Tari', '1'),
(39, 'C2-ST-3. Iringan Tari', '1'),
(40, 'C2-TB-1. Keamanan Pangan (Sanitasi, Higienis dan\nKeselamatan Kerja)', '1'),
(41, 'C2-TB-2. Pengetahuan Bahan Makanan', '1'),
(42, 'C2-TB-3. Boga Dasar', '1'),
(43, 'C2-TB-4. Ilmu Gizi', '1'),
(44, 'C2-TI-1. Sistem Komputer', '1'),
(45, 'C2-TI-2. Komputer dan Jaringan Dasar', '1'),
(46, 'C2-TI-3. Pemrograman Dasar', '1'),
(47, 'C2-TI-4. Dasar Desain Grafis', '1'),
(48, 'A1. Pendidikan Agama dan Budi Pekerti', '2'),
(49, 'A2. Pendidikan Pancasila dan Kewarganegaraan', '2'),
(50, 'A3. Bahasa Indonesia', '2'),
(51, 'A4. Matematika', '2'),
(52, 'A6. Bahasa Inggris dan Bahasa Asing Lainnya*)', '2'),
(53, 'B2. Pendidikan Jasmani, Olahraga dan Kesehatan', '2'),
(54, 'C3-AK-1. Praktikum Akuntansi Perusahaan Jasa, Dagang dan Manufaktur', '2'),
(55, 'C3-AK-2. Praktikum Akuntansi Lembaga/Instansi Pemerintah', '2'),
(56, 'C3-AK-3. Akuntansi Keuangan', '2'),
(57, 'C3-AK-4. Komputer Akuntansi', '2'),
(58, 'C3-AK-5. Administrasi Pajak', '2'),
(59, 'C3-AK-6. Produk Kreatif dan Kewirausahaan', '2'),
(60, 'C3-BDPM-1. Penataan Produk', '2'),
(61, 'C3-BDPM-2. Bisnis Online', '2'),
(62, 'C3-BDPM-3. Pengelolaan Bisnis Ritel', '2'),
(63, 'C3-BDPM-4. Administrasi Transaksi', '2'),
(64, 'C3-BDPM-5. Produk Kreatif dan Kewirausahaan', '2'),
(65, 'C3-DKV-1. Desain Publikasi', '2'),
(66, 'C3-DKV-2. Komputer Grafis', '2'),
(67, 'C3-DKV-3. Fotografi', '2'),
(68, 'C3-DKV-4. Videografi', '2'),
(69, 'C3-DKV-5. Produk Kreatif dan Kewirausahaan', '2'),
(70, 'C3-MM-1. Desain Grafis Percetakan', '2'),
(71, 'C3-MM-3. Animasi 2D dan 3D', '2'),
(72, 'C3-MM-5. Produk Kreatif dan Kewirausahaan', '2'),
(73, 'C3-OTKP-1. Otomatisasi Tata Kelola Kepegawaian', '2'),
(74, 'C3-OTKP-2. Otomatisasi Tata Kelola Keuangan', '2'),
(75, 'C3-OTKP-3. Otomatisasi Tata Kelola Sarana dan Prasarana', '2'),
(76, 'C3-OTKP-4. Otomatisasi Tata Kelola Humas dan Keprotokolan', '2'),
(77, 'C3-OTKP-5. Produk Kreatif dan Kewirausahaan', '2'),
(78, 'C3-PH-1. Industri Perhotelan', '2'),
(79, 'C3-PH-2. Front Office', '2'),
(80, 'C3-PH-3. Housekeeping', '2'),
(81, 'C3-PH-4. Laundry', '2'),
(82, 'C3-PH-5. Food and Beverage', '2'),
(83, 'C3-PH-6. Produk Kreatif dan Kewirausahaan', '2'),
(84, 'C3-RPL-1. Pemodelan Perangkat Lunak', '2'),
(85, 'C3-RPL-2. Basis Data', '2'),
(86, 'C3-RPL-3. Pemrograman Berorientasi Objek', '2'),
(87, 'C3-RPL-4. Pemrograman Web dan Perangkat Bergerak', '2'),
(88, 'C3-RPL-5. Produk Kreatif dan Kewirausahaan', '2'),
(89, 'C3-ST-1. Tata Rias dan Tata Busana Tari', '2'),
(90, 'C3-ST-2. Tari Tradisi', '2'),
(91, 'C3-ST-3. Tari Daerah Lain', '2'),
(92, 'C3-ST-4. Garap Tari', '2'),
(93, 'C3-ST-5. Produk Kreatif dan Kewirausahaan', '2'),
(94, 'C3-TB-1. Tata Hidang', '2'),
(95, 'C3-TB-2. Pengolahan dan Penyajian Makanan', '2'),
(96, 'C3-TB-3. Produk Cake dan Kue Indonesia', '2'),
(97, 'C3-TB-4. Produk Pastry dan Bakery', '2'),
(98, 'C3-TB-5. Produk Kreatif dan Kewirausahaan', '2'),
(99, 'C3-TKJ-1. Teknologi Jaringan Berbasis Luas (WAN)', '2'),
(100, 'C3-TKJ-2. Administrasi Infrastruktur Jaringan', '2'),
(101, 'C3-TKJ-3. Administrasi Sistem Jaringan', '2'),
(102, 'C3-TKJ-4. Teknologi Layanan Jaringan', '2'),
(103, 'C3-TKJ-5. Produk Kreatif dan Kewirausahaan', '2'),
(104, 'A1. Pendidikan Agama dan Budi Pekerti', '3'),
(105, 'A2. Pendidikan Pancasila dan Kewarganegaraan', '3'),
(106, 'A3. Bahasa Indonesia', '3'),
(107, 'A4. Matematika', '3'),
(108, 'A6. Bahasa Inggris dan Bahasa Asing Lainnya*)', '3'),
(109, 'C3-AK-1. Praktikum Akuntansi Perusahaan Jasa, Dagang dan Manufaktur', '3'),
(110, 'C3-AK-2. Praktikum Akuntansi Lembaga/Instansi Pemerintah', '3'),
(111, 'C3-AK-3. Akuntansi Keuangan', '3'),
(112, 'C3-AK-4. Komputer Akuntansi', '3'),
(113, 'C3-AK-5. Administrasi Pajak', '3'),
(114, 'C3-AK-6. Produk Kreatif dan Kewirausahaan', '3'),
(115, 'C3-BDPM-1. Penataan Produk', '3'),
(116, 'C3-BDPM-2. Bisnis Online', '3'),
(117, 'C3-BDPM-3. Pengelolaan Bisnis Ritel', '3'),
(118, 'C3-BDPM-4. Administrasi Transaksi', '3'),
(119, 'C3-BDPM-5. Produk Kreatif dan Kewirausahaan', '3'),
(120, 'C3-DKV-1. Desain Publikasi', '3'),
(121, 'C3-DKV-2. Komputer Grafis', '3'),
(122, 'C3-DKV-3. Fotografi', '3'),
(123, 'C3-DKV-4. Videografi', '3'),
(124, 'C3-DKV-5. Produk Kreatif dan Kewirausahaan', '3'),
(125, 'C3-MM-2. Desain Media Interaktif', '3'),
(126, 'C3-MM-4. Teknik Pengolahan Audio dan Video', '3'),
(127, 'C3-MM-5. Produk Kreatif dan Kewirausahaan', '3'),
(128, 'C3-OTKP-1. Otomatisasi Tata Kelola Kepegawaian', '3'),
(129, 'C3-OTKP-2. Otomatisasi Tata Kelola Keuangan', '3'),
(130, 'C3-OTKP-3. Otomatisasi Tata Kelola Sarana dan Prasarana', '3'),
(131, 'C3-OTKP-4. Otomatisasi Tata Kelola Humas dan Keprotokolan', '3'),
(132, 'C3-OTKP-5. Produk Kreatif dan Kewirausahaan', '3'),
(133, 'C3-PH-2. Front Office', '3'),
(134, 'C3-PH-3. Housekeeping', '3'),
(135, 'C3-PH-4. Laundry', '3'),
(136, 'C3-PH-5. Food and Beverage', '3'),
(137, 'C3-PH-6. Produk Kreatif dan Kewirausahaan', '3'),
(138, 'C3-RPL-2. Basis Data', '3'),
(139, 'C3-RPL-3. Pemrograman Berorientasi Objek', '3'),
(140, 'C3-RPL-4. Pemrograman Web dan Perangkat Bergerak', '3'),
(141, 'C3-RPL-5. Produk Kreatif dan Kewirausahaan', '3'),
(142, 'C3-ST-1. Tata Rias dan Tata Busana Tari', '3'),
(143, 'C3-ST-2. Tari Tradisi', '3'),
(144, 'C3-ST-4. Garap Tari', '3'),
(145, 'C3-ST-5. Produk Kreatif dan Kewirausahaan', '3'),
(146, 'C3-TB-2. Pengolahan dan Penyajian Makanan', '3'),
(147, 'C3-TB-3. Produk Cake dan Kue Indonesia', '3'),
(148, 'C3-TB-4. Produk Pastry dan Bakery', '3'),
(149, 'C3-TB-5. Produk Kreatif dan Kewirausahaan', '3'),
(150, 'C3-TKJ-2. Administrasi Infrastruktur Jaringan', '3'),
(151, 'C3-TKJ-3. Administrasi Sistem Jaringan', '3'),
(152, 'C3-TKJ-4. Teknologi Layanan Jaringan', '3'),
(153, 'C3-TKJ-5. Produk Kreatif dan Kewirausahaan', '3');

-- --------------------------------------------------------

--
-- Table structure for table `materi`
--

CREATE TABLE `materi` (
  `id_materi` mediumint(6) UNSIGNED NOT NULL,
  `id_ampu` smallint(5) UNSIGNED NOT NULL,
  `judul` varchar(255) NOT NULL,
  `ket` text NOT NULL,
  `jenis` tinyint(1) NOT NULL,
  `link` varchar(255) NOT NULL,
  `time` int(10) NOT NULL,
  `expired` int(10) NOT NULL,
  `sts` tinyint(1) NOT NULL
) ENGINE=InnoDB DEFAULT CHARSET=latin1;

--
-- Dumping data for table `materi`
--

INSERT INTO `materi` (`id_materi`, `id_ampu`, `judul`, `ket`, `jenis`, `link`, `time`, `expired`, `sts`) VALUES
(4, 35, 'percobaan', 'percobaan', 1, '', 1595492405, 1595492405, 1);

-- --------------------------------------------------------

--
-- Table structure for table `notif`
--

CREATE TABLE `notif` (
  `id_siswa` smallint(5) UNSIGNED NOT NULL,
  `id_materi` mediumint(6) UNSIGNED NOT NULL
) ENGINE=InnoDB DEFAULT CHARSET=latin1;

-- --------------------------------------------------------

--
-- Table structure for table `post`
--

CREATE TABLE `post` (
  `id_post` mediumint(9) UNSIGNED NOT NULL,
  `id_user` smallint(5) UNSIGNED NOT NULL,
  `id_materi` mediumint(6) UNSIGNED NOT NULL,
  `time` int(10) NOT NULL,
  `isi` varchar(255) NOT NULL
) ENGINE=InnoDB DEFAULT CHARSET=latin1;

-- --------------------------------------------------------

--
-- Table structure for table `reply`
--

CREATE TABLE `reply` (
  `id_reply` mediumint(9) UNSIGNED NOT NULL,
  `id_post` mediumint(9) UNSIGNED NOT NULL,
  `id_user` smallint(5) UNSIGNED NOT NULL,
  `time` int(10) NOT NULL,
  `isi` varchar(255) NOT NULL
) ENGINE=InnoDB DEFAULT CHARSET=latin1;

-- --------------------------------------------------------

--
-- Table structure for table `siswa`
--

CREATE TABLE `siswa` (
  `id_siswa` smallint(5) UNSIGNED NOT NULL,
  `nisn` varchar(255) NOT NULL,
  `nm_siswa` varchar(255) NOT NULL,
  `id_kelas` smallint(3) UNSIGNED NOT NULL,
  `username` varchar(255) NOT NULL,
  `password` char(40) NOT NULL
) ENGINE=InnoDB DEFAULT CHARSET=latin1;

--
-- Dumping data for table `siswa`
--

INSERT INTO `siswa` (`id_siswa`, `nisn`, `nm_siswa`, `id_kelas`, `username`, `password`) VALUES
(1, '0042916630', 'ACHMAT SAIFULLAH MAULANA', 209, '0042916630', '2004-05-07'),
(2, '0045134518', 'ADINDA THULIFIA SALSABILLAH', 209, '0045134518', '2004-07-03'),
(3, '0036838080', 'AGISTA DWI QONITA', 209, '0036838080', '2003-08-16'),
(4, '0043901920', 'ALFINA SYAHARANI', 209, '0043901920', '2004-03-16'),
(5, '0044238581', 'AMELIYA WAHYUNINGSIH', 209, '0044238581', '2004-06-29'),
(6, '0036877319', 'AMILYA', 209, '0036877319', '2003-04-25'),
(7, '0036298965', 'ANGGI VERONIKA', 209, '0036298965', '2003-06-10'),
(8, '0032103512', 'ANISAH', 209, '0032103512', '2003-05-05'),
(9, '0036336300', 'ANNISA LUTHFI ZAKIYA', 209, '0036336300', '2003-07-01'),
(10, '0036691316', 'APRILIA DWI PUTRI', 209, '0036691316', '2003-04-04'),
(11, '0049827125', 'Aster Holipatul Ajijah', 209, '0049827125', '2004-03-15'),
(12, '0042735668', 'ASTRY SHAFANY', 209, '0042735668', '2004-04-12'),
(13, '0046490654', 'Asyifa Aviza Zhulvi', 209, '0046490654', '2004-09-08'),
(14, '0035416031', 'AULIA RAHMADANY', 209, '0035416031', '2003-10-11'),
(15, '0033104133', 'AURA SHAFA SALSABILA', 209, '0033104133', '2003-09-24'),
(16, '0039641536', 'AURA VAURELIA VANESYA ZAHRA ZENVANI', 209, '0039641536', '2003-12-31'),
(17, '0031023973', 'AVIVA SENDI ARDIYANI', 209, '0031023973', '2003-12-14'),
(18, '0035316838', 'AYU JUNITA ANGGRAINI', 209, '0035316838', '2003-06-13'),
(19, '0045018087', 'AZIZATUL MUNAWAROH', 209, '0045018087', '2004-01-21'),
(20, '0036873917', 'Bela Sapira', 209, '0036873917', '2003-12-17'),
(21, '0036298941', 'CATUR PRASASTI PUTRI RAHMAWATI', 209, '0036298941', '2003-01-25'),
(22, '0036298958', 'CITRA MAULIDIA', 209, '0036298958', '2003-05-18'),
(23, '0042916535', 'CITRA NING WULAN', 209, '0042916535', '2004-01-15'),
(24, '0041939069', 'Claudia Aurora Novanty', 209, '0041939069', '2004-11-08'),
(25, '0037455955', 'Deasy dwi prasetyowati', 209, '0037455955', '2003-10-08'),
(26, '0039987170', 'Dellin Nela Agustina', 209, '0039987170', '2003-08-30'),
(27, '0036312043', 'DITA RAHMASARI', 209, '0036312043', '2003-10-24'),
(28, '0046047169', 'DWI NINDI ARIYANI', 209, '0046047169', '2004-01-18'),
(29, '0034584381', 'Dwi Yuliana', 209, '0034584381', '2003-07-28'),
(30, '0035214227', 'EKA MEI PRATIWI', 209, '0035214227', '2003-05-01'),
(31, '0042916642', 'ELIEL PUTRI TABITA', 209, '0042916642', '2004-07-08'),
(32, '0048965737', 'Elok Saputri', 209, '0048965737', '2004-03-10'),
(33, '0044923833', 'Erinda Dwi Nafisah', 209, '0044923833', '2004-04-10'),
(34, '0042596958', 'EVI ANGGITA RAHMA', 209, '0042596958', '2004-05-25'),
(35, '0036730132', 'Fadilatul Rizqi Maulida', 209, '0036730132', '2003-09-25'),
(36, '0043045584', 'FAHNIATI SOFI TARTILLA', 210, '0043045584', '2004-06-09'),
(37, '0046076799', 'Fardanila UST', 210, '0046076799', '2004-09-01'),
(38, '0036597995', 'FATMA TYAS YUNITASARI', 210, '0036597995', '2003-06-02'),
(39, '0049647429', 'Fika Ariviana', 210, '0049647429', '2004-03-28'),
(40, '0036257639', 'FIRLY NOVALIA DWI PUTRI', 210, '0036257639', '2003-11-03'),
(41, '0034798944', 'Fitri Handayani', 210, '0034798944', '2003-03-21'),
(42, '0036838109', 'FORTUNA OKTAVIAN RAMADHANI', 210, '0036838109', '2003-10-10'),
(43, '0037460813', 'HARI PURNOMO', 210, '0037460813', '2003-02-15'),
(44, '0034798973', 'HENNY LISTYASTUTI', 210, '0034798973', '2003-09-18'),
(45, '0048009660', 'I GEDE WIRA ATMAJA', 210, '0048009660', '2004-05-18'),
(46, '0036773036', 'INTAN PERMATA MUSTIYADI', 210, '0036773036', '2003-12-21'),
(47, '0039464585', 'IRA APRILIA', 210, '0039464585', '2003-04-04'),
(48, '0036410552', 'KADEK AYU DEA PRATAMA', 210, '0036410552', '2003-09-05'),
(49, '0042610201', 'KIRANA NDARU MARVINTHA', 210, '0042610201', '2004-02-18'),
(50, '0045620084', 'Laila Maulidya', 210, '0045620084', '2004-04-30'),
(51, '0038738938', 'Lailatul Fitriya', 210, '0038738938', '2003-11-29'),
(52, '0045677552', 'LISDA IRAWATI', 210, '0045677552', '2004-02-19'),
(53, '0043091981', 'Marshanda Clesyifa', 210, '0043091981', '2004-01-09'),
(54, '0046398217', 'MAWARINDA NURITA SARI', 210, '0046398217', '2004-02-27'),
(55, '0036158850', 'MOH. NUR AFANDI', 210, '0036158850', '2003-04-18'),
(56, '0043572113', 'Nabila Putri Salsabil', 210, '0043572113', '2004-01-31'),
(57, '0042214201', 'NACHWA SALFIA BASWARA', 210, '0042214201', '2004-04-03'),
(58, '0037590829', 'NADIA ARLI RAFIFAH', 210, '0037590829', '2003-08-27'),
(59, '0048270660', 'NANDA SILVIA EKA DAMAYANTI', 210, '0048270660', '2004-03-10'),
(60, '0040573831', 'Natizatul Muiffah', 210, '0040573831', '2004-01-18'),
(61, '0036158848', 'NAUVAL CAHYO ABADI', 210, '0036158848', '2003-03-17'),
(62, '0036773011', 'NISKE WAHYU NINGRUM', 210, '0036773011', '2003-06-30'),
(63, '0032229911', 'NOVITA PUSPITA SARI', 210, '0032229911', '2003-06-30'),
(64, '0034798943', 'OVIE VERNANDA RUMMAN FIRDAUS', 210, '0034798943', '2003-05-05'),
(65, '0049268306', 'QORY FAJRIYAH', 210, '0049268306', '2004-02-07'),
(66, '0034883276', 'RANI SEPTA RAHAYU', 210, '0034883276', '2003-09-27'),
(67, '0044909352', 'REFINDA SEFTIANI', 210, '0044909352', '2004-06-12'),
(68, '0042271836', 'RESIZA FEBI AULIA FIRDAUS', 210, '0042271836', '2004-02-19'),
(69, '0043418479', 'REVANELA ANGGUN BERLIANTI', 210, '0043418479', '2004-04-10'),
(70, '0041970517', 'Rina Maulidia', 210, '0041970517', '2005-04-16'),
(71, '0039817781', 'Rindi Pusma Sari', 210, '0039817781', '2003-03-30'),
(72, '0038549368', 'Ririn Hasanah', 211, '0038549368', '2003-10-05'),
(73, '0084285755', 'RISKA BUNGA ROSMALIA PUTRI', 211, '0084285755', '2003-07-06'),
(74, '0034934322', 'RISKA NUR ISTIKOMAH', 211, '0034934322', '2003-07-07'),
(75, '0038552809', 'RISMA RAMADHANI', 211, '0038552809', '2003-11-03'),
(76, '0049548272', 'RISTHA NANDA AUDISTIAS', 211, '0049548272', '2004-03-16'),
(77, '0036674840', 'Rizki Camelia Tantri', 211, '0036674840', '2003-03-14'),
(78, '0036472664', 'ROSI SEPTIYANI', 211, '0036472664', '2003-09-04'),
(79, '0036874022', 'Safiratul Janah', 211, '0036874022', '2003-12-09'),
(80, '0038930691', 'SAFRINA EKA NURHALIZAH', 211, '0038930691', '2003-09-01'),
(81, '0045015642', 'SANDY FEBRIAN ARSYAPUTRA', 211, '0045015642', '2004-02-28'),
(82, '0037516036', 'SASKIA JUNIATUS ZUHRO', 211, '0037516036', '2003-06-23'),
(83, '0036597952', 'SEFTI UL-LAM DARI', 211, '0036597952', '2003-09-13'),
(84, '0035314561', 'SEPTIA FIRDA MUSTIKA SARI', 211, '0035314561', '2003-09-20'),
(85, '0037546266', 'SERLY DWI ANGGRAINI', 211, '0037546266', '2003-09-09'),
(86, '0036478700', 'SHERIN DEVITA SARI', 211, '0036478700', '2003-12-03'),
(87, '0037216022', 'SHINTYA FATMA TRI UTAMI', 211, '0037216022', '2003-06-24'),
(88, '0052072056', 'SHOFIATUL JANNA', 211, '0052072056', '2005-06-21'),
(89, '0037117002', 'SILVI KIRANI', 211, '0037117002', '2003-08-18'),
(90, '0036838142', 'SILVIA DIFA OKTAVIYANI', 211, '0036838142', '2003-11-20'),
(91, '0036312028', 'SILVIA MULYANI', 211, '0036312028', '2003-02-28'),
(92, '0044938192', 'SINTIA LUSTIANA PUTRI', 211, '0044938192', '2004-07-05'),
(93, '0043550295', 'SISKA AULIA PUTRI', 211, '0043550295', '2004-10-18'),
(94, '0036237843', 'Sofi Maryam', 211, '0036237843', '2003-09-14'),
(95, '0042737971', 'SYAHRU RAMA YURIS SAHPUTRA', 211, '0042737971', '2004-10-16'),
(96, '0039759296', 'TEGUH NUR HADI', 211, '0039759296', '2003-05-01'),
(97, '0046705198', 'TIA FITRIA', 211, '0046705198', '2004-02-21'),
(98, '0040573835', 'Tiant Eka Sari', 211, '0040573835', '2004-02-01'),
(99, '0038476547', 'USWATUN HASANAH', 211, '0038476547', '2003-11-01'),
(100, '0037316594', 'USWATUN HASANAH', 211, '0037316594', '2003-06-13'),
(101, '0041553604', 'VANNY IRTANTI', 211, '0041553604', '2004-03-31'),
(102, '0042090527', 'Vebrianti Wulandari', 211, '0042090527', '2004-02-28'),
(103, '0040551774', 'VIVI SILFIYANI ANISA PUTRI', 211, '0040551774', '2004-05-05'),
(104, '0038203854', 'WILDANI RIZKY NOVITASARI', 211, '0038203854', '2003-11-11'),
(105, '0042610184', 'YORA TITIS AURORA', 211, '0042610184', '2004-01-13'),
(106, '0042591371', 'YOSY ALVITASARI', 211, '0042591371', '2004-03-01'),
(107, '0042472947', 'YURIKE PUTRI FEBRIANTI', 211, '0042472947', '2004-02-28'),
(108, '0036331424', 'ACHMAD JALIL FAJAR', 214, '0036331424', '2003-01-10'),
(109, '0042596966', 'ADELIA DWI SAFITRI', 214, '0042596966', '2004-12-02'),
(110, '0042893023', 'ADI SURYO UTOMO', 214, '0042893023', '2004-03-27'),
(111, '0027002510', 'ADILA NURUN NASYWA AZ-ZAHRO', 214, '0027002510', '2002-12-08'),
(112, '0042476595', 'AFILA FIRNANDA', 214, '0042476595', '2004-03-02'),
(113, '0047877755', 'AGASTHEA VIORENT SASMITA', 214, '0047877755', '2004-09-21'),
(114, '0036838875', 'Ahmad Ilman Nafi\'a', 214, '0036838875', '2003-08-28'),
(115, '0038446995', 'AKBAR NUR FAIZIN FIRDIYANSYAH', 214, '0038446995', '2003-11-25'),
(116, '0032233129', 'ALDI GEGER PAMUNGKAS', 214, '0032233129', '2003-09-09'),
(117, '0044332252', 'ALFA FATHUR RIZQI', 214, '0044332252', '2004-05-08'),
(118, '0036158855', 'Amanda Septiyatuzzahro', 214, '0036158855', '2003-09-19'),
(119, '0036838036', 'ANISYAH SAHKCILAH', 214, '0036838036', '2003-06-13'),
(120, '0035914913', 'ANUR SETIA NINGSIH', 214, '0035914913', '2003-06-21'),
(121, '0038815630', 'ARDINA LUTVIANTI', 214, '0038815630', '2003-10-12'),
(122, '0046798497', 'ARIN AYUNINGTYAS', 214, '0046798497', '2004-04-20'),
(123, '0046012891', 'AYU BUNGA PRIHMIATI', 214, '0046012891', '2004-06-07'),
(124, '0042152250', 'Ayu LesST', 214, '0042152250', '2004-08-19'),
(125, '0035838435', 'BAYU HANGGONO', 214, '0035838435', '2003-04-20'),
(126, '0037964201', 'BERIL MUSTIKA FITRI', 214, '0037964201', '2003-11-23'),
(127, '0041472698', 'BILLY SUBAKTI', 214, '0041472698', '2004-04-14'),
(128, '0048546135', 'CINDI YULIA CITRA', 214, '0048546135', '2004-01-20'),
(129, '0050397685', 'CINDY EMILIA SARI', 214, '0050397685', '2005-01-14'),
(130, '0036556838', 'CITRA LAILI AGUSTINA', 214, '0036556838', '2003-08-31'),
(131, '0039108175', 'Debi Alifatul Ifa', 214, '0039108175', '2003-09-30'),
(132, '0036433249', 'DEVI AYU SAPITRI', 214, '0036433249', '2003-12-13'),
(133, '0034591982', 'DEVI TRIA IDA PAWESTI', 214, '0034591982', '2003-03-02'),
(134, '0043085652', 'DEVINA ZSA ZSA ZERLINDA', 214, '0043085652', '2004-03-26'),
(135, '0036961072', 'DIAH AYU KHARISMA', 214, '0036961072', '2003-07-14'),
(136, '0036410542', 'DIAN RINA AGUSTIN', 214, '0036410542', '2003-08-29'),
(137, '0036890263', 'Diny Yulia Rahmawati', 214, '0036890263', '2003-07-17'),
(138, '0036890259', 'DIO IQBAL ZAINULLOH', 214, '0036890259', '2003-05-18'),
(139, '0037036031', 'Diyah Ayu Puspitasari', 214, '0037036031', '2003-09-07'),
(140, '0007124849', 'WILDAN THORIQ MUSTAQIM', 214, '0007124849', '2000-11-02'),
(141, '0032621100', 'Dwi Ayu Prastika', 215, '0032621100', '2003-12-01'),
(142, '0043477919', 'Eka Fari Suyanti', 215, '0043477919', '2004-10-23'),
(143, '0042717977', 'ELYA SINDY DAMAYANTI', 215, '0042717977', '2004-01-27'),
(144, '0044394908', 'ESTU PRAJA', 215, '0044394908', '2004-10-22'),
(145, '0026477853', 'EVA NURSILA DEWI', 215, '0026477853', '2002-07-08'),
(146, '0047050013', 'Febriza Tri Hariyanita', 215, '0047050013', '2004-02-26'),
(147, '0043418473', 'Ferdy Wijaya Kusuma', 215, '0043418473', '2004-02-28'),
(148, '0032458053', 'FRANCISKA MAHARANI', 215, '0032458053', '2003-04-19'),
(149, '0031583633', 'GELI DWI PRASTYANI', 215, '0031583633', '2003-05-10'),
(150, '0036130565', 'IKA APRILIA PUTRI', 215, '0036130565', '2003-04-20'),
(151, '0040957150', 'IMANINA RAHMAWATI', 215, '0040957150', '2004-03-23'),
(152, '0049918017', 'INDRY CAHYANI', 215, '0049918017', '2004-01-15'),
(153, '0036472662', 'INKA ARISANTI', 215, '0036472662', '2003-08-04'),
(154, '0036536376', 'INTAN LAILATUL FAWAIDA SARI', 215, '0036536376', '2003-07-10'),
(155, '0038797939', 'INTAN SEFPITRIYANI', 215, '0038797939', '2003-11-25'),
(156, '0041755052', 'IRMAWATI', 215, '0041755052', '2004-06-02'),
(157, '0026926312', 'JANU DWI SAPUTRA', 215, '0026926312', '2003-01-07'),
(158, '0047054103', 'Keysha Pingky Adelia', 215, '0047054103', '2004-03-27'),
(159, '0040374244', 'Lailathul Lativiany Rachmawati', 215, '0040374244', '2004-02-04'),
(160, '0033046365', 'Lailiya Sapitri', 215, '0033046365', '2003-12-14'),
(161, '0032352154', 'LELIN DWI CAHYANINGTIA', 215, '0032352154', '2003-12-23'),
(162, '0035524748', 'MARISKA TESSA FADIA WARDHANI', 215, '0035524748', '2003-03-17'),
(163, '0037610185', 'MARSILA SINTIA UTAMI', 215, '0037610185', '2003-08-28'),
(164, '0036435690', 'MAULIDIA NIKMATUL AKHLAFI', 215, '0036435690', '2003-05-04'),
(165, '0040374232', 'MEGA PUSPARANI NAWANGSASI', 215, '0040374232', '2004-01-07'),
(166, '0035214231', 'MEISYA WANDA ARYANTI', 215, '0035214231', '2003-05-24'),
(167, '0036211363', 'MOCH. FATHUR RIZAL PRATAMA', 215, '0036211363', '2003-12-03'),
(168, '0036435794', 'MUTIARA SETIYAWAN', 215, '0036435794', '2003-11-20'),
(169, '0032746496', 'NABILLAH AULIA ASDAR', 215, '0032746496', '2003-07-23'),
(170, '0039994606', 'NADILA AYU PUSPITASARI', 215, '0039994606', '2003-09-29'),
(171, '0036451429', 'NADINDA PUTRI AYU WULANDARI', 215, '0036451429', '2003-09-07'),
(172, '0042916948', 'Nadya Hardiyanti', 215, '0042916948', '2004-03-09'),
(173, '0032408809', 'NANDIRA ABELLIA FAZZAH', 215, '0032408809', '2004-03-29'),
(174, '0049218655', 'NILUH PUTU DAVINA JOVANCA', 215, '0049218655', '2004-11-02'),
(175, '0040911980', 'Noufal Rayyan Afinanto', 216, '0040911980', '2003-09-06'),
(176, '0031543442', 'Nur Aisyah Haque', 216, '0031543442', '2003-03-15'),
(177, '0042120046', 'Nurika Vernanda Apriani', 216, '0042120046', '2004-04-03'),
(178, '0030024235', 'NURIL HIDAYAH', 216, '0030024235', '2003-12-08'),
(179, '0023265270', 'NURIL ISTIQOMAH', 216, '0023265270', '2003-10-24'),
(180, '0037110379', 'NURLENI AGUSTINA', 216, '0037110379', '2003-08-21'),
(181, '0033034476', 'Oqi Sintia Wiharja', 216, '0033034476', '2003-10-05'),
(182, '0038403952', 'Putri Wulandari', 216, '0038403952', '2003-08-22'),
(183, '0036435712', 'RAHAJENG YULINAR EMERALDA', 216, '0036435712', '2003-07-13'),
(184, '0032607360', 'Raka Aditya Rahmadani', 216, '0032607360', '2003-09-02'),
(185, '0043589712', 'RANI SETIYAWATI', 216, '0043589712', '2004-03-28'),
(186, '0042737973', 'REGI ELMA VIANI', 216, '0042737973', '2004-03-30'),
(187, '0039153288', 'REGITHA FEBY MAHARANI', 216, '0039153288', '2003-02-26'),
(188, '0042619454', 'Revinda Rizki Maretha', 216, '0042619454', '2004-03-28'),
(189, '0041238031', 'REZZA SAFIRA', 216, '0041238031', '2004-03-13'),
(190, '0036654997', 'RIFKI INDRIAWAN', 216, '0036654997', '2003-09-11'),
(191, '0047591103', 'RINA WAHIDA', 216, '0047591103', '2004-06-26'),
(192, '0033247336', 'RIZKA APRILIYANTI', 216, '0033247336', '2003-04-22'),
(193, '0044200983', 'ROBERTA MAURA APRILIA', 216, '0044200983', '2004-04-08'),
(194, '0036838024', 'ROIHANNY BINAR MAULIDDA', 216, '0036838024', '2003-05-24'),
(195, '0034798949', 'RYAN DWI MAYDIANTO', 216, '0034798949', '2003-05-03'),
(196, '0033145978', 'SAGHINA RANAVIA AZZAHRA', 216, '0033145978', '2003-10-10'),
(197, '0041932665', 'SELLA ARININGTYAS', 216, '0041932665', '2004-01-01'),
(198, '0037010654', 'SETIYANINGSIH', 216, '0037010654', '2003-07-29'),
(199, '0039286717', 'SHABIA KITANTRI', 216, '0039286717', '2003-06-11'),
(200, '0037368221', 'Sigit Purnomo', 216, '0037368221', '2003-11-17'),
(201, '0035628884', 'SILA NABILLA', 216, '0035628884', '2004-01-01'),
(202, '0039321720', 'SITI LAILATUL RULIA', 216, '0039321720', '2003-10-06'),
(203, '0042258895', 'SITI RATNA SARI', 216, '0042258895', '2004-03-06'),
(204, '0036930444', 'Sugihanartin', 216, '0036930444', '2003-10-06'),
(205, '0037516035', 'TEGUH RISTANTO', 216, '0037516035', '2004-05-11'),
(206, '0043031382', 'TRIO ANDY BIMANTARA', 216, '0043031382', '2004-03-30'),
(207, '0044379822', 'UMROTUL HASANAH', 216, '0044379822', '2004-04-01'),
(208, '0044303645', 'Vina Dwi Ariski', 216, '0044303645', '2004-05-21'),
(209, '0035310917', 'WARIH DHINA HARMARITA', 216, '0035310917', '2003-03-29'),
(210, '0035777473', 'Zacky Ilhami', 216, '0035777473', '2003-09-13'),
(211, '0042581686', 'ALIFIYA MAUDY DIAH NABILA', 212, '0042581686', '2004-05-01'),
(212, '0025918282', 'AMANIYAH', 212, '0025918282', '2002-12-30'),
(213, '0047603886', 'ANANDA AIDILIA FITRIYANI', 212, '0047603886', '2004-11-16'),
(214, '0041394248', 'APRILINA RUSNASARI', 212, '0041394248', '2004-04-25'),
(215, '0038765435', 'ARI PUJI LESST', 212, '0038765435', '2003-06-21'),
(216, '0043038086', 'ASYADANTI TRI ALZUMA', 212, '0043038086', '2004-07-07'),
(217, '0043031377', 'CALISTA NURISTIANINGSIH', 212, '0043031377', '2004-03-11'),
(218, '0043352266', 'Chofifa Nur Islamiyanti', 212, '0043352266', '2004-02-06'),
(219, '0036298990', 'DEVI TRIA ANGGRAINI', 212, '0036298990', '2003-09-23'),
(220, '0033846320', 'Dewi Annisa Fitri', 212, '0033846320', '2003-10-17'),
(221, '0039923099', 'DEWI SANTITA', 212, '0039923099', '2003-06-21'),
(222, '0040999200', 'DINDA AYU TRISNAWATI', 212, '0040999200', '2004-01-25'),
(223, '0033720087', 'Dita Indah Sari', 212, '0033720087', '2003-02-16'),
(224, '0025918202', 'DITA NIRMALITA', 212, '0025918202', '2002-01-21'),
(225, '0042652214', 'Dwi Puspita', 212, '0042652214', '2004-08-23'),
(226, '0020244222', 'ELLA OKTAVIA', 212, '0020244222', '2002-10-16'),
(227, '0039532980', 'EVA SUCIANA', 212, '0039532980', '2003-03-03'),
(228, '0043103033', 'EVANA EKA PEBRIYANTI', 212, '0043103033', '2004-02-27'),
(229, '0037986680', 'FENI DWI HANDAYANI', 212, '0037986680', '2003-06-04'),
(230, '0047082773', 'FIDIA NUR AZIZAH', 212, '0047082773', '2004-05-18'),
(231, '0037638785', 'FITRI HIDAYAH', 212, '0037638785', '2003-10-30'),
(232, '0042314962', 'HANA DUWI LESST', 212, '0042314962', '2004-06-02'),
(233, '0042317870', 'INTAN SAVITRI', 212, '0042317870', '2004-09-24'),
(234, '0036211661', 'Karisma Octaviani', 212, '0036211661', '2003-10-04'),
(235, '0042316559', 'Lidya Wulandari', 212, '0042316559', '2004-02-03'),
(236, '0038867195', 'Lilis Suryani', 212, '0038867195', '2003-01-28'),
(237, '0043296871', 'MARINA SELVIANA', 212, '0043296871', '2004-03-20'),
(238, '0043296870', 'MARINI SAVITRI', 212, '0043296870', '2004-03-20'),
(239, '0050372479', 'Mariya Ulfa', 212, '0050372479', '2005-03-10'),
(240, '0036454571', 'MAYA ANGELICA LAZUARDI HALIM', 212, '0036454571', '2003-12-30'),
(241, '0033806971', 'MELIA AVICA PUTRI', 212, '0033806971', '2003-01-26'),
(242, '0035534495', 'Mohamad Yasin', 212, '0035534495', '2003-01-25'),
(243, '0036191817', 'Nafisatul Aida', 212, '0036191817', '2003-08-04'),
(244, '0045015639', 'NAJWA HAFIDZATUZZAHRA AUREA PUTRI', 212, '0045015639', '2004-02-21'),
(245, '0034798993', 'NOFFANI PRADINDA IVONNE', 212, '0034798993', '2003-11-14'),
(246, '0016958233', 'SHERLY THRII AGUSTIARINI', 212, '0016958233', '2001-08-13'),
(247, '0025918221', 'NOVI ZULIA QIRANI', 213, '0025918221', '2002-11-22'),
(248, '0037289007', 'NUR HAZIZAH', 213, '0037289007', '2003-11-03'),
(249, '0032281039', 'NUR WULAN AYU LESST', 213, '0032281039', '2003-09-11'),
(250, '0042437552', 'NURI SAVIRA', 213, '0042437552', '2004-01-14'),
(251, '0037492715', 'Regi Dwi Pangestu', 213, '0037492715', '2003-11-26'),
(252, '0041160682', 'RINA PEBRIANTI', 213, '0041160682', '2004-01-15'),
(253, '0036331431', 'RINA SUHERMIANA', 213, '0036331431', '2003-07-12'),
(254, '0044112535', 'RISQITA FITRI WIDHIANST', 213, '0044112535', '2004-11-22'),
(255, '0038117420', 'ROHANI RUS SAUDIA', 213, '0038117420', '2003-03-05'),
(256, '0042476601', 'ROSSA VINA NILAWATI', 213, '0042476601', '2004-08-29'),
(257, '0048564428', 'SAFITRI', 213, '0048564428', '2004-05-26'),
(258, '0046105728', 'Salsabila Larasati', 213, '0046105728', '2003-11-13'),
(259, '0046339450', 'Sari Ningsih', 213, '0046339450', '2004-05-13'),
(260, '0036476135', 'SERINA NOVITA SARI', 213, '0036476135', '2003-11-08'),
(261, '0042374573', 'Sheila Ananda Putri', 213, '0042374573', '2004-09-19'),
(262, '0035315873', 'Shela Nur Haini', 213, '0035315873', '2003-10-23'),
(263, '0044149583', 'SHINDY NUR ANISAH', 213, '0044149583', '2004-04-07'),
(264, '0045783448', 'Shiva Risky Amalia', 213, '0045783448', '2004-04-08'),
(265, '0036684757', 'Shofia Laroiba', 213, '0036684757', '2003-07-01'),
(266, '0044422764', 'Sindi Miranda Maulina', 213, '0044422764', '2004-04-11'),
(267, '0046642020', 'Sindy Kirana Yulanda', 213, '0046642020', '2004-04-17'),
(268, '0042258898', 'Sinta Nurul Imama', 213, '0042258898', '2003-04-04'),
(269, '0039321782', 'SINTIYA PUTRI WINATA', 213, '0039321782', '2003-09-01'),
(270, '0043785578', 'Siti Anisa Wahyuni', 213, '0043785578', '2004-08-28'),
(271, '0036472666', 'SITI NUR AFIYAH', 213, '0036472666', '2003-10-25'),
(272, '0047108587', 'Siti Nurlaili', 213, '0047108587', '2004-12-20'),
(273, '0036331438', 'SITI NURMA FITRIANI', 213, '0036331438', '2003-12-10'),
(274, '0034066141', 'SOFIA NISRINA BALQIS', 213, '0034066141', '2003-07-02'),
(275, '0028937491', 'SULPIYAH MAHARANI', 213, '0028937491', '2002-06-19'),
(276, '0035885526', 'TIARA PERMATA SARI', 213, '0035885526', '2003-12-25'),
(277, '0036447492', 'Utrotul Qoriah', 213, '0036447492', '2003-06-09'),
(278, '0036164809', 'VARISKA ANDINI WINARSIH', 213, '0036164809', '2003-03-04'),
(279, '0042316115', 'VIA ALDILLA YUNIAR RAHMI', 213, '0042316115', '2004-06-20'),
(280, '0049238692', 'Wahyu Hidayah', 213, '0049238692', '2004-02-16'),
(281, '0036691331', 'WIWIN HANDAYANI', 213, '0036691331', '2003-06-24'),
(282, '0036874983', 'Yuliana', 213, '0036874983', '2003-07-13'),
(283, '0038943849', 'ACHMAD SUFADLI', 217, '0038943849', '2003-11-23'),
(284, '0036214092', 'Adila', 217, '0036214092', '2003-09-24'),
(285, '0033033872', 'AKHDAN RAFIF MAULANA', 217, '0033033872', '2003-04-24'),
(286, '0036772994', 'ALFIA SETYANINGRUM', 217, '0036772994', '2003-04-13'),
(287, '0055540658', 'ALPY SEPDIAN PRASASTI', 217, '0055540658', '2004-09-15'),
(288, '0042652832', 'ANA NOFITASARI', 217, '0042652832', '2004-11-17'),
(289, '0036194325', 'ANISA WULANDARI', 217, '0036194325', '2003-02-17'),
(290, '0036435801', 'ARGYA BYANTARA', 217, '0036435801', '2003-12-04'),
(291, '0011242812', 'BAGUS SAPITRI', 217, '0011242812', '2001-12-21'),
(292, '0034798964', 'BINTANG WICAKSONO', 217, '0034798964', '2003-07-11'),
(293, '0034934340', 'CANTIKA RATU NATASYA IKTIARA', 217, '0034934340', '2003-12-30'),
(294, '0036659558', 'CARISSA CAMILA CALANY CALYA SUMANTRI', 217, '0036659558', '2004-07-16'),
(295, '0046182726', 'Chelsea Imamova Hidayat', 217, '0046182726', '2004-05-06'),
(296, '0042437554', 'CINTA KHARISMA SARI', 217, '0042437554', '2004-01-28'),
(297, '0043116354', 'CITRA MARIESKA DINI MUSTIKA NURCAHYANI', 217, '0043116354', '2004-03-25'),
(298, '0036873980', 'DESI LAILATUL OKTAVIA', 217, '0036873980', '2003-10-24'),
(299, '0029351374', 'DEWI FATIMAH', 217, '0029351374', '2002-04-11'),
(300, '0032244675', 'DIMAS DYAH SUCI LESST', 217, '0032244675', '2003-05-04'),
(301, '0038172296', 'Dita Prastika', 217, '0038172296', '2003-05-26'),
(302, '0036551044', 'DURROTUN NABILA', 217, '0036551044', '2003-12-31'),
(303, '0045568295', 'Dwi Setya Ningrum', 217, '0045568295', '2004-01-12'),
(304, '0035113660', 'EKA DEWI SYAFITRI', 217, '0035113660', '2003-11-25'),
(305, '0036915743', 'Eka Ferdiyanti', 217, '0036915743', '2003-03-23'),
(306, '0048119441', 'ELLA SAGITA', 217, '0048119441', '2004-03-25'),
(307, '0036435707', 'EYRICHA DINDA PUTRI ANNISA HAKIM', 217, '0036435707', '2003-06-01'),
(308, '0048792409', 'FADHILA NURHALIZA', 217, '0048792409', '2003-10-15'),
(309, '0041891496', 'FENNY HARDHIANTI', 217, '0041891496', '2004-02-29'),
(310, '0029695964', 'FINDY AMYLIA', 217, '0029695964', '2002-12-14'),
(311, '0037516042', 'FITRIYANI NOVITA SARI', 217, '0037516042', '2003-11-27'),
(312, '0036838074', 'HILWA', 217, '0036838074', '2003-08-11'),
(313, '0038192235', 'IKE JIAN ARIS MADONA', 217, '0038192235', '2003-11-11'),
(314, '0043854243', 'IKROMATUL ULYA', 217, '0043854243', '2003-03-19'),
(315, '0040374231', 'JOAN SHERLY DINIRA', 217, '0040374231', '2004-01-04'),
(316, '0031682075', 'KURNIA BINTANG RAHMAWATI', 217, '0031682075', '2003-07-26'),
(317, '0048290804', 'Mega Mustika', 217, '0048290804', '2004-06-06'),
(318, '0024764760', 'MUHAMMAD FARHAN AL HABSYI', 217, '0024764760', '2002-07-18'),
(319, '0042317864', 'MEI AYU SUKMA KALYANA TANTRI', 218, '0042317864', '2004-05-04'),
(320, '0037044836', 'MIFTA WIDIYASTUTI', 218, '0037044836', '2003-09-12'),
(321, '0035389170', 'MOCH. AGAM ARDIANSYA', 218, '0035389170', '2004-09-22'),
(322, '0046605366', 'MOHAMMAD CHELSEA DERMAWAN PUTRA', 218, '0046605366', '2004-09-01'),
(323, '0039926676', 'MOHAMMAD HIDAYATULLOH', 218, '0039926676', '2003-07-04'),
(324, '0044646227', 'MUHAMMAD ZAINNUR HADIARTA', 218, '0044646227', '2004-01-01'),
(325, '0034185951', 'NADILLA NUR FAIZAH', 218, '0034185951', '2003-04-18'),
(326, '0037036030', 'Nickyta Vega Indryani', 218, '0037036030', '2003-09-07'),
(327, '0039204246', 'Novia Wulandari', 218, '0039204246', '2003-07-02'),
(328, '0036556844', 'NOVITA INDAH PUSPITASARI', 218, '0036556844', '2003-11-13'),
(329, '0037010650', 'NURUL AINNY', 218, '0037010650', '2003-06-19'),
(330, '0037010656', 'PUTRI AYU LESST', 218, '0037010656', '2003-08-05'),
(331, '0044481821', 'PUTRI IDA SINDIKA', 218, '0044481821', '2004-03-23'),
(332, '0033524478', 'PUTRI SURYA WILLYANA', 218, '0033524478', '2003-12-31'),
(333, '0042271532', 'RESTI AJENG SHOLIHA', 218, '0042271532', '2004-03-25'),
(334, '0038350235', 'RIA RIVIANA PUTRI', 218, '0038350235', '2003-12-04'),
(335, '0037420215', 'RINO SAPUTRA', 218, '0037420215', '2003-07-15'),
(336, '0044396798', 'RISKA RESTU MULYA', 218, '0044396798', '2004-06-26'),
(337, '0035899641', 'RISKANALIA', 218, '0035899641', '2003-05-13'),
(338, '0036539644', 'RIYAN FITRA RAHMAN', 218, '0036539644', '2003-11-24'),
(339, '0032458043', 'Sahrul Andi Rosandi', 218, '0032458043', '2003-03-18'),
(340, '0044097422', 'Shafira Qurrota A\'yun', 218, '0044097422', '2004-04-03'),
(341, '0034798995', 'SHINDA DWI FITRIYANTO', 218, '0034798995', '2003-12-02'),
(342, '0042338694', 'SILVI INAYATRI DEWI', 218, '0042338694', '2004-04-24'),
(343, '0036838082', 'SISILIA FAHLEVI', 218, '0036838082', '2003-08-20'),
(344, '0038311932', 'Sucahyo Dwi Ismuwiyoto', 218, '0038311932', '2003-02-05'),
(345, '0035310313', 'Sulastiya Ningsih', 218, '0035310313', '2003-03-02'),
(346, '0043116363', 'TITAN EZRANO FAUSTA ADJIE', 218, '0043116363', '2004-04-30'),
(347, '0036874963', 'Tri Utami', 218, '0036874963', '2003-10-02'),
(348, '0031922750', 'VIRA ALMIRA NOVIA RAMADINA', 218, '0031922750', '2003-11-21'),
(349, '0041698575', 'YANUAR DWI ARDIYANTO', 218, '0041698575', '2004-01-07'),
(350, '0038742458', 'Yhoan Adi Riyanto', 218, '0038742458', '2003-07-07'),
(351, '0042619462', 'YUAN APTA RENA', 218, '0042619462', '2004-06-15'),
(352, '0033440764', 'YULI ASTUTIK', 218, '0033440764', '2003-07-21'),
(353, '0034798957', 'YUNIZAR GISTI FIRDAUS', 218, '0034798957', '2003-06-15'),
(354, '0049867591', 'Yusrina Saharani', 218, '0049867591', '2004-04-23'),
(355, '0037036032', 'ADAM BAHREYSI', 205, '0037036032', '2004-03-28'),
(356, '0032565318', 'AFITA DWI LESST', 205, '0032565318', '2003-03-02'),
(357, '0036539640', 'AGIN MAULANA', 205, '0036539640', '2003-08-31'),
(358, '0036237811', 'AHMAD DAWWAS RAIS', 205, '0036237811', '2003-03-19'),
(359, '0047508549', 'Aisyah Zhafirah As Salam', 205, '0047508549', '2003-12-23'),
(360, '0035696638', 'ALDI TRI PRASETIYO', 205, '0035696638', '2003-06-24'),
(361, '0034798487', 'Alma Novia Maharani', 205, '0034798487', '2003-11-29'),
(362, '0034798483', 'ALYA RAHMADANI', 205, '0034798483', '2003-11-20'),
(363, '0032522787', 'AMALIYA PRASTIA IKA WARDANI', 205, '0032522787', '2003-05-16'),
(364, '0069606751', 'ANDRE SURYA DHARMA', 205, '0069606751', '2003-06-04'),
(365, '0038796499', 'Anggita Mega Aristianti', 205, '0038796499', '2003-11-07'),
(366, '0036336322', 'Anisah Putri', 205, '0036336322', '2003-11-19'),
(367, '0036435688', 'APRILIA RIHANING TYAS', 205, '0036435688', '2003-04-28'),
(368, '0039349355', 'ARDIAN PRATAMA SETIAWAN', 205, '0039349355', '2003-09-29'),
(369, '0034798996', 'Arupadhatu Prima Cakti Rijanto', 205, '0034798996', '2003-12-08'),
(370, '0047278667', 'ARYA WIJAYA PRANATA DEWA', 205, '0047278667', '2004-04-23'),
(371, '0043448144', 'Atiyatus Zulfi Salsabila', 205, '0043448144', '2004-05-18'),
(372, '0049116252', 'Audrey Nuraini Risang Anugrah Ariyani', 205, '0049116252', '2004-01-02'),
(373, '0050391763', 'Ayu Lolita', 205, '0050391763', '2005-06-17'),
(374, '0037010669', 'AYU OKTAVIA', 205, '0037010669', '2003-10-21'),
(375, '0049560952', 'AZEL YAN SYANDANA', 205, '0049560952', '2004-04-29'),
(376, '0036780143', 'Bayu Setiawan', 205, '0036780143', '2003-10-20'),
(377, '0042755497', 'BRILYAN RAHMA LESST', 205, '0042755497', '2003-06-17'),
(378, '0036877362', 'Bunga Ayu Marsalinda', 205, '0036877362', '2003-07-10'),
(379, '0034943424', 'CALVIN ALFARIZKI MULYANTO', 205, '0034943424', '2003-12-01'),
(380, '0032086614', 'Dani Rahmat', 205, '0032086614', '2003-03-09'),
(381, '0045015646', 'DANIA YASMIN BAZLIAH', 205, '0045015646', '2004-03-24'),
(382, '0035512937', 'DESI AYU TRISNOWATI', 205, '0035512937', '2003-11-13'),
(383, '0036131613', 'Devi Rahayu', 205, '0036131613', '2003-10-04'),
(384, '0042673870', 'Dika Bias Damara', 205, '0042673870', '2004-07-06'),
(385, '0036237831', 'DIVA ASOLAH', 205, '0036237831', '2003-06-17'),
(386, '0059009868', 'Exlima Ramadani', 205, '0059009868', '2005-02-20'),
(387, '0036312027', 'Febriana Kusumawati', 205, '0036312027', '2003-02-11'),
(388, '0047983057', 'FEBY CHAHYA KAMILA', 205, '0047983057', '2004-02-29'),
(389, '0046059613', 'Firman', 205, '0046059613', '2004-01-04'),
(390, '0037334897', 'FYMAS BAGUS HASBIANSYAH', 205, '0037334897', '2003-09-02'),
(391, '0036838015', 'HANG BIMA SUCI', 206, '0036838015', '2003-05-14'),
(392, '0043296874', 'HANY PRILIANTI', 206, '0043296874', '2004-04-16'),
(393, '0039812450', 'Intan Permatasari', 206, '0039812450', '2003-07-03'),
(394, '0037426834', 'LILIS SETIYAWATI', 206, '0037426834', '2003-05-20'),
(395, '0039416645', 'MAHKOTA PERMATA RATRI', 206, '0039416645', '2003-09-09'),
(396, '0037427238', 'MEGA MUSTIKA', 206, '0037427238', '2003-07-20'),
(397, '0048438150', 'MIYA DANAYANTI', 206, '0048438150', '2004-01-13'),
(398, '0049206548', 'Moch. Iqbal Wahyu Auliya', 206, '0049206548', '2004-07-11'),
(399, '0034827416', 'MOCHAMAD FAIZ DANILA', 206, '0034827416', '2003-10-13'),
(400, '0049625884', 'MOH BALIES ARDANA', 206, '0049625884', '2004-07-06'),
(401, '0032182752', 'MOH.HAFIZ MAULANA DITO', 206, '0032182752', '2003-05-20'),
(402, '0044476453', 'MUHAMAD GILANG WICAKSONO', 206, '0044476453', '2004-04-26'),
(403, '0050374528', 'Nadia Febrianti', 206, '0050374528', '2005-02-03'),
(404, '0036211362', 'NAFLAH MAULANA AZURA', 206, '0036211362', '2003-10-02'),
(405, '0046167203', 'NANDHINI SRI LESST', 206, '0046167203', '2004-07-07'),
(406, '0042478595', 'NAZHIFAH SALSABILA MAULANI', 206, '0042478595', '2004-05-28'),
(407, '0040374264', 'Nur Hidayati', 206, '0040374264', '2004-05-20'),
(408, '0042590791', 'RAMA DIPUTRA', 206, '0042590791', '2004-07-02'),
(409, '0043854248', 'REZA DWI RAHAYU', 206, '0043854248', '2004-09-29'),
(410, '0040478334', 'Riza Dwi Fransiska', 206, '0040478334', '2004-01-31'),
(411, '0033186602', 'RIZKY MAULANA', 206, '0033186602', '2003-06-04'),
(412, '0043352270', 'Romi Farhan', 206, '0043352270', '2004-03-01'),
(413, '0040374236', 'SHELLY ARI WIJAYANTI', 206, '0040374236', '2004-01-12'),
(414, '0033801263', 'SITI NUR KARIMAH', 206, '0033801263', '2003-12-24'),
(415, '0044188316', 'SITI NURHALIZA', 206, '0044188316', '2004-06-09'),
(416, '0034892721', 'SITI NURHOLISA', 206, '0034892721', '2003-10-05'),
(417, '0040974356', 'STENNY MOORE WIJAYA WARDHANA', 206, '0040974356', '2004-01-25'),
(418, '0037316593', 'Triya Rachamtika', 206, '0037316593', '2003-04-14'),
(419, '0036838081', 'VADA ULFA SUNDARI', 206, '0036838081', '2003-08-20'),
(420, '0031685584', 'VINDA RUCITA CORNELIA', 206, '0031685584', '2003-06-06'),
(421, '0034798998', 'VINNEZA SURYA AGRI BERLIAN', 206, '0034798998', '2003-12-12'),
(422, '0042596954', 'Wahyu Indrawati', 206, '0042596954', '2004-03-18'),
(423, '0045045556', 'YESSY RIZKI APRILIANTI', 206, '0045045556', '2004-04-18'),
(424, '0050417184', 'Yuliyanti', 206, '0050417184', '2005-10-20'),
(425, '0047209072', 'ADIT PRASETYA', 207, '0047209072', '2004-07-07'),
(426, '0040551772', 'AHMAD ZAINUL ARIFIN', 207, '0040551772', '2004-03-05'),
(427, '0046835142', 'Alfina Damayanti', 207, '0046835142', '2004-02-09'),
(428, '0039184000', 'ARIN AMALINA', 207, '0039184000', '2003-07-15'),
(429, '0034798970', 'ATIKAH WINDI AFIFAH', 207, '0034798970', '2003-08-30'),
(430, '0042317861', 'BELLA FEBRIYANA', 207, '0042317861', '2004-02-23'),
(431, '0047013104', 'CHINDY MONICA SISIHEANING VONI', 207, '0047013104', '2004-06-01'),
(432, '0035584991', 'DHOMIRO', 207, '0035584991', '2003-08-11'),
(433, '0036096736', 'DIAN PATMAWATI', 207, '0036096736', '2003-07-02'),
(434, '0034812819', 'DIAN RETNO PANGESTU', 207, '0034812819', '2003-11-18'),
(435, '0041932685', 'DILA RESTITA', 207, '0041932685', '2004-07-17'),
(436, '0037004445', 'Dina Ananta Syafalia', 207, '0037004445', '2003-12-13'),
(437, '0036541608', 'DWI PUTRI RAMADANI', 207, '0036541608', '2003-11-05'),
(438, '0036178608', 'EKA CAHYA RAMADHANI', 207, '0036178608', '2003-10-25'),
(439, '0032118619', 'EKA HERNANDA SAPUTRI', 207, '0032118619', '2003-05-25'),
(440, '0043296863', 'Feni Eldiana', 207, '0043296863', '2004-01-07'),
(441, '0042773559', 'FIONNA YARLI', 207, '0042773559', '2004-04-10'),
(442, '0043352269', 'Fira LesST', 207, '0043352269', '2004-02-28'),
(443, '0046157451', 'FREECIA JENI KRISTIANA', 207, '0046157451', '2004-06-18'),
(444, '0036178603', 'Hani Nuriyana', 207, '0036178603', '2003-04-20'),
(445, '0036331430', 'HELMI YUNITASARI', 207, '0036331430', '2003-07-07'),
(446, '0042674986', 'ICHA ZENI YEAR TRI DAMAYANTI', 207, '0042674986', '2004-01-02'),
(447, '0037010653', 'INEKE PUTRI DEWI LESST', 207, '0037010653', '2003-07-17'),
(448, '0042652215', 'Istiharoh', 207, '0042652215', '2004-09-13'),
(449, '0050372470', 'KARINA NUR HANDAYANI', 207, '0050372470', '2005-08-05'),
(450, '0042755496', 'KINANTI SELA DEWI', 207, '0042755496', '2004-06-07'),
(451, '0042710334', 'Laila Fauziah Yasmin', 207, '0042710334', '2004-06-03'),
(452, '0035618412', 'Lailimah', 207, '0035618412', '2003-07-22'),
(453, '0035953414', 'LINDA LUSIANI', 207, '0035953414', '2004-03-31'),
(454, '0043434079', 'MAGFIROTUL BANIYAH', 207, '0043434079', '2004-04-04'),
(455, '0037010655', 'MIYA SETIYARNI', 207, '0037010655', '2003-08-02'),
(456, '0038653861', 'NANDA MISYA ASHARI', 207, '0038653861', '2003-05-08'),
(457, '0036417983', 'NANDINA SALSABILLA', 207, '0036417983', '2003-06-18'),
(458, '0043146578', 'NARIYA MAULINDA', 207, '0043146578', '2004-05-16'),
(459, '0042755502', 'NENSA AYU RAMADHANI', 207, '0042755502', '2003-11-14'),
(460, '0036556845', 'NENSI AYU RAMADHANI', 207, '0036556845', '2003-11-14'),
(461, '0046032609', 'NUR AINI', 208, '0046032609', '2004-01-18'),
(462, '0042591223', 'NUR IKLIL ALFI SYAHRIA', 208, '0042591223', '2004-03-07'),
(463, '0038510575', 'NUR INDAH', 208, '0038510575', '2003-05-15'),
(464, '0026566467', 'NURMA YUNITA', 208, '0026566467', '2002-01-02'),
(465, '0037921846', 'NURUL AINI', 208, '0037921846', '2003-09-05'),
(466, '0047740539', 'NURUL HIKMAH PUTRI MARISA H. GORANG', 208, '0047740539', '2004-06-06'),
(467, '0039890620', 'PUJI AYU LESST', 208, '0039890620', '2002-02-21'),
(468, '0048131525', 'PUSPITA MANDA TALU', 208, '0048131525', '2005-10-15'),
(469, '0031741930', 'PUTRI NOFIA AGUSTIN', 208, '0031741930', '2003-08-06'),
(470, '0037388044', 'RATIH INDAH PURWANINGSIH', 208, '0037388044', '2003-04-22'),
(471, '0032362613', 'REZA PUSPITA', 208, '0032362613', '2003-06-14'),
(472, '0042755195', 'Reza Umami Feriska', 208, '0042755195', '2004-08-19'),
(473, '0039003712', 'RISKA RISMATUL MUNIROH', 208, '0039003712', '2003-11-22'),
(474, '0033508842', 'RIVA SETYO WATI', 208, '0033508842', '2003-06-18'),
(475, '0035911367', 'Rizkiyani', 208, '0035911367', '2003-09-29'),
(476, '0046108718', 'Ruly Jayanti', 208, '0046108718', '2004-07-15'),
(477, '0028514849', 'RUTH GABRISIA WINARTO', 208, '0028514849', '2002-09-30'),
(478, '0028668062', 'SALMA ABUBAKAR SALIM MACHFUD', 208, '0028668062', '2002-03-30'),
(479, '0036551029', 'SASMITA', 208, '0036551029', '2003-10-18'),
(480, '0042518406', 'SEPTI ARDIYANTI WULANDARI', 208, '0042518406', '2004-03-31'),
(481, '0043131717', 'SESEN ANGGELIYA', 208, '0043131717', '2004-06-01'),
(482, '0044396790', 'SHINTYA EKA NURCAHYANI', 208, '0044396790', '2004-03-31'),
(483, '0038661654', 'SILVIA APRILLINA ANTIKASARI', 208, '0038661654', '2003-04-02'),
(484, '0032444249', 'SINTIA BETI AGUSTINA', 208, '0032444249', '2003-08-13'),
(485, '0035415674', 'SITI HAWA RATIH KUSHARTANTI', 208, '0035415674', '2003-08-03'),
(486, '0042700419', 'Siti Husnatul Maroya', 208, '0042700419', '2004-02-18'),
(487, '0028490355', 'Siti Karmiyati', 208, '0028490355', '2002-03-01'),
(488, '0042181898', 'SITI NURJANAH', 208, '0042181898', '2004-05-26'),
(489, '0035632954', 'SIWI DIAN PRATIWI', 208, '0035632954', '2003-08-23'),
(490, '0044821319', 'TRI NAVELLA NATASYA', 208, '0044821319', '2004-02-10'),
(491, '0036158849', 'Ubaidah Nabilah', 208, '0036158849', '2003-04-11'),
(492, '0032458090', 'Wulandari', 208, '0032458090', '2003-08-05'),
(493, '0030775503', 'WULANDARI OKTAVIA', 208, '0030775503', '2003-10-24'),
(494, '0037285674', 'YUNDA INTANA', 208, '0037285674', '2003-08-17'),
(495, '0049627920', 'Yuni Anggrainingrum', 208, '0049627920', '2004-06-23'),
(496, '0034892712', 'Zeta Zaimatus Agustina', 208, '0034892712', '2003-08-24'),
(497, '0047715877', 'ACH. JAINI', 201, '0047715877', '2004-04-12'),
(498, '0029219286', 'Adam Nursamsi', 201, '0029219286', '2002-10-06'),
(499, '0036352380', 'Adel Liya Saputri', 201, '0036352380', '2003-12-28'),
(500, '0036119837', 'AHMAD RIFQI KADAFI', 201, '0036119837', '2003-09-29'),
(501, '0034798885', 'Aji Pranata', 201, '0034798885', '2003-07-06'),
(502, '0041933702', 'AKMALUN NISA', 201, '0041933702', '2004-01-07'),
(503, '0036076557', 'AMELIA TRI OKTAVIANI', 201, '0036076557', '2003-10-28'),
(504, '0036352365', 'ARDILA SARI', 201, '0036352365', '2003-09-04'),
(505, '0023347880', 'AVISTA DESTRINA', 201, '0023347880', '2002-12-29'),
(506, '0049737766', 'AZAH SULISTYOWATI', 201, '0049737766', '2004-02-08'),
(507, '0035299976', 'Desi Indri Cahyani', 201, '0035299976', '2003-12-16'),
(508, '0038075657', 'DEVVANOV EL PINTO', 201, '0038075657', '2003-07-17'),
(509, '0042190824', 'DICKA ARDIANSYAH', 201, '0042190824', '2004-12-20'),
(510, '0042190843', 'DICKY ARDIANSYAH', 201, '0042190843', '2004-12-20'),
(511, '0036050998', 'EDWIN RIYAN SAPUTRA', 201, '0036050998', '2003-05-29'),
(512, '0035737035', 'EKA UTAMI', 201, '0035737035', '2003-12-25'),
(513, '0036336317', 'ELSA NABILA ZUHRO', 201, '0036336317', '2003-10-19'),
(514, '0039042187', 'Essa Dwi Prayoga', 201, '0039042187', '2003-12-25'),
(515, '0035069729', 'FARIDA PUSPITASARI', 201, '0035069729', '2003-08-08'),
(516, '0042756072', 'FEBIOLA TRI WANDASARI', 201, '0042756072', '2004-02-04'),
(517, '0038603212', 'FRISKA APRILIANA HIDAYATI', 201, '0038603212', '2004-04-08'),
(518, '0045381343', 'Haeckal Fikri', 201, '0045381343', '2004-06-03'),
(519, '0036708340', 'LAELA FITRIYAH', 201, '0036708340', '2003-11-05'),
(520, '0035759911', 'LALA AMELIA FRANSISCA', 201, '0035759911', '2003-12-25'),
(521, '0043031392', 'Layinatul Ummah', 201, '0043031392', '2004-06-26'),
(522, '0031441055', 'Lilik Wigiarti', 201, '0031441055', '2003-05-28'),
(523, '0036838061', 'LITA DWI SARI', 201, '0036838061', '2003-07-19'),
(524, '0033033849', 'Lusi Rosa Novelya', 201, '0033033849', '2003-11-18'),
(525, '0036202429', 'MADE WISNU SETYAWAN', 201, '0036202429', '2003-10-12'),
(526, '0037010667', 'MELVIN FEMBRIANTI', 201, '0037010667', '2003-11-10'),
(527, '0035006976', 'MERRY WINDY ADISTYA RINI', 201, '0035006976', '2003-05-18'),
(528, '0049892058', 'Moh Bagus Jati Kusuma', 201, '0049892058', '2004-03-24'),
(529, '0035576897', 'Moh. Wahyu Dimasqi', 201, '0035576897', '2003-06-11'),
(530, '0034934325', 'MOHAMAD FAISHAL', 202, '0034934325', '2003-07-09'),
(531, '0026902149', 'MOHAMMAD OJI SAPUTRA', 202, '0026902149', '2003-07-10'),
(532, '0047065898', 'MUHAMMAD FARHAN ARROHIM', 202, '0047065898', '2004-01-01'),
(533, '0036336288', 'Nabilla Via Valentina', 202, '0036336288', '2003-02-19'),
(534, '0041776238', 'Nanda Trio Agustino', 202, '0041776238', '2003-08-23'),
(535, '0039730230', 'NI\'MATUL MAULIDAH', 202, '0039730230', '2003-05-23'),
(536, '0042755269', 'NOVITA SARI', 202, '0042755269', '2004-09-27'),
(537, '0038798004', 'NUR VINA ELSAYANI', 202, '0038798004', '2003-06-19'),
(538, '0039340883', 'NURUL FITRI', 202, '0039340883', '2004-11-14'),
(539, '0036539643', 'NUVIATUL AULIA', 202, '0036539643', '2003-11-09'),
(540, '0036730858', 'PITRIA WULANDARI', 202, '0036730858', '2003-11-01'),
(541, '0037285697', 'PUTRI DIVA MARIA DEWI', 202, '0037285697', '2003-10-10'),
(542, '0041933301', 'RAHMA ASYIFA', 202, '0041933301', '2004-06-06'),
(543, '0047472430', 'RANI PATRICIA DEWI', 202, '0047472430', '2004-04-21'),
(544, '0042572460', 'RASTHIAN RESTU FENDE DWIKI DARMAWAN', 202, '0042572460', '2004-01-23'),
(545, '0037482810', 'Rio Rahmat Vaisol', 202, '0037482810', '2003-04-04'),
(546, '0034892720', 'Rita Oktafiyani', 202, '0034892720', '2003-10-22'),
(547, '0038226401', 'RIZKI ARDIANSYAH', 202, '0038226401', '2004-02-16'),
(548, '0032668550', 'Sabila Noor Felisa', 202, '0032668550', '2003-07-25'),
(549, '0032725438', 'SALNA TABA AULIYA SENJA', 202, '0032725438', '2003-06-26'),
(550, '0041857111', 'SEKAR AYU FATMASARI', 202, '0041857111', '2004-05-08'),
(551, '0040794210', 'SHEILA FRISCA DWI SEPTIANI', 202, '0040794210', '2004-09-16'),
(552, '0035396161', 'SILVIA MAHARANI', 202, '0035396161', '2003-12-15'),
(553, '0041596852', 'SITI KHOTIJAH', 202, '0041596852', '2004-01-14'),
(554, '0020065370', 'Siti Nurjanah', 202, '0020065370', '2002-12-21'),
(555, '0043031387', 'SOFIA MILLATI', 202, '0043031387', '2004-04-19'),
(556, '0043156814', 'SUCI INDAHYANI', 202, '0043156814', '2004-08-09'),
(557, '0041933700', 'TAFANA MEISYA AFRO DITHA', 202, '0041933700', '2004-05-14'),
(558, '0032458050', 'TRI DAMIYANTI LAILA EFENDI', 202, '0032458050', '2003-01-24'),
(559, '0036255912', 'Weni Frida Yanthi', 202, '0036255912', '2003-07-19'),
(560, '0036838115', 'WILDANIAR KAHLIL GIBRAN', 202, '0036838115', '2003-10-20'),
(561, '0036392032', 'WIRA SETA WIJAYA', 202, '0036392032', '2003-07-22'),
(562, '0038732875', 'WIWIK HARIYATI', 202, '0038732875', '2003-10-20'),
(563, '0042773136', 'YESI ARISAS MITA', 202, '0042773136', '2004-02-15'),
(564, '0036435795', 'Zulfa Ramadani', 202, '0036435795', '2003-11-23'),
(565, '0035782250', 'ABZARIN FIRDAUS AGVA', 219, '0035782250', '2003-04-29'),
(566, '0046022218', 'Achmad Irfan Maulana', 219, '0046022218', '2004-02-03'),
(567, '0021781568', 'ALFINA DAMAYANTI', 219, '0021781568', '2002-06-11'),
(568, '0004424555', 'ANGGI LESMANA', 219, '0004424555', '2000-06-14'),
(569, '0041858780', 'ANITA RATNASARI', 219, '0041858780', '2004-09-05'),
(570, '0036298947', 'CITRA AULIA UTAMI', 219, '0036298947', '2003-03-21'),
(571, '0038878044', 'DANDA KUSWOYO', 219, '0038878044', '2003-09-23'),
(572, '0036211655', 'Danu Pratama', 219, '0036211655', '2003-06-08'),
(573, '0043352267', 'Dhea Ananta Salsahadi Pratiwi', 219, '0043352267', '2004-02-12'),
(574, '0049014609', 'DWI LESST', 219, '0049014609', '2003-12-20'),
(575, '0012481920', 'Eka Wulandari', 219, '0012481920', '2002-12-20'),
(576, '0036795417', 'ELVA NUR ILMIAH', 219, '0036795417', '2003-09-02'),
(577, '0031222607', 'ENJELY GITALISASI SYAH PUTRI', 219, '0031222607', '2004-02-26'),
(578, '0038796736', 'Erika Oktaviani', 219, '0038796736', '2003-10-09'),
(579, '0036877609', 'EVA ZAHRO APRILIA', 219, '0036877609', '2003-08-20'),
(580, '0035700459', 'GESTI SILFANY', 219, '0035700459', '2003-08-24'),
(581, '0023358823', 'HAIKAL PUTRA ARDIAN', 219, '0023358823', '2002-07-17'),
(582, '0036890262', 'HANDAYANA EKA FEBRIANI', 219, '0036890262', '2004-02-04'),
(583, '0018934456', 'HANNY SELFIANI', 219, '0018934456', '2001-12-02'),
(584, '0036640594', 'HOLIMAH', 219, '0036640594', '2003-07-20'),
(585, '0036773002', 'INDAH NOFITA DEWI', 219, '0036773002', '2003-05-28'),
(586, '0043477920', 'IRA IKA PUSPITASARI', 219, '0043477920', '2003-12-17'),
(587, '0036772986', 'IZZUL HAK AN NASIR', 219, '0036772986', '2003-03-01'),
(588, '0030121064', 'JESSICA GUSTIVIANA ROMBON', 220, '0030121064', '2003-08-29'),
(589, '0046070771', 'KHARISMA MELLI NOPIYANA', 220, '0046070771', '2004-05-15'),
(590, '0039582478', 'Khusnul Khotimah', 220, '0039582478', '2003-06-05'),
(591, '0036874144', 'Lailatul Fitria', 220, '0036874144', '2003-11-25'),
(592, '0034000126', 'LIA KAROMAH', 220, '0034000126', '2003-01-12'),
(593, '0049997839', 'Maulida', 220, '0049997839', '2004-03-21'),
(594, '0032221661', 'Maulidah Wahyu Ningrum', 220, '0032221661', '2003-06-02'),
(595, '0035313199', 'MEI KURNIA DEWI', 220, '0035313199', '2003-05-28'),
(596, '0041316555', 'Mimin Anggun Kinanti', 220, '0041316555', '2004-07-15'),
(597, '0036336312', 'Muhamad Beni Iqqrobi', 220, '0036336312', '2003-10-11'),
(598, '0033947477', 'NOVIA', 220, '0033947477', '2003-11-08'),
(599, '0035185398', 'NOVIA TRIWAHYUNI', 220, '0035185398', '2003-11-02'),
(600, '0037996016', 'NOVITA SARI', 220, '0037996016', '2003-10-12'),
(601, '0038383023', 'NUR CAHYANA', 220, '0038383023', '2003-02-26'),
(602, '0038336054', 'Pipin Alayda', 220, '0038336054', '2003-09-16'),
(603, '0039179145', 'Putri Amalia', 220, '0039179145', '2003-06-28'),
(604, '0035989358', 'PUTRI MANDASARI', 220, '0035989358', '2003-06-26'),
(605, '0042258493', 'RANGGA ARDIANSYAH', 220, '0042258493', '2004-04-19'),
(606, '0035420437', 'RENNY AKHTERYANTI PRIMANDARI', 220, '0035420437', '2003-07-05'),
(607, '0036410547', 'RESTINA DWI UTAMI', 220, '0036410547', '2003-03-30'),
(608, '0043873523', 'RIA RIZQI ZAVIRA', 220, '0043873523', '2004-01-07'),
(609, '0046798659', 'Rossy Ayudyaningtyas', 220, '0046798659', '2004-02-01'),
(610, '0032118622', 'SHINTA PUSPITA SARI', 220, '0032118622', '2003-06-21'),
(611, '0036574306', 'SUCI AYU LESST', 220, '0036574306', '2003-11-12'),
(612, '0040374250', 'Wanda Finolia', 220, '0040374250', '2004-03-13'),
(613, '0037316595', 'YASHINTA NUR\'AINI', 220, '0037316595', '2003-08-06'),
(614, '0042437557', 'YASINTA FEBIYANI', 220, '0042437557', '2004-02-06'),
(615, '0039578818', 'ADELIA AGUSTIN', 203, '0039578818', '2003-08-23'),
(616, '0040374259', 'Adelia Zakiya Putri', 203, '0040374259', '2004-04-29'),
(617, '0026478234', 'AHMAD RIDHO SYAHRU KAFILI', 203, '0026478234', '2002-12-20'),
(618, '0039410292', 'AJI VINANDU', 203, '0039410292', '2003-02-10'),
(619, '0036336310', 'AMALIA SALWA SYA\'BANIA PUTRI', 203, '0036336310', '2003-09-22'),
(620, '0043210546', 'Anisa Shela Marta', 203, '0043210546', '2004-03-20'),
(621, '0042290848', 'Annisa Nurdiana Safitri', 203, '0042290848', '2004-05-10'),
(622, '0040374230', 'ARDIANSHAH ANANDA JANUAL DIMAS', 203, '0040374230', '2004-01-01'),
(623, '0025658340', 'AYU WAHYUNI', 203, '0025658340', '2002-11-23'),
(624, '0028230520', 'BAGUS SATRIO', 203, '0028230520', '2002-09-13'),
(625, '0035736711', 'CINDY WAHYU MUJIANTI', 203, '0035736711', '2003-06-19'),
(626, '0042518815', 'DEWI HERLINA', 203, '0042518815', '2004-06-04'),
(627, '0033181057', 'DHYANITA OCTAVIANI', 203, '0033181057', '2003-10-28'),
(628, '0041281011', 'DINA MEILINA', 203, '0041281011', '2004-05-01'),
(629, '0050438006', 'Dinny Salsabillah Malakiano', 203, '0050438006', '2003-10-26'),
(630, '0035763010', 'DWI AGUSTINA', 203, '0035763010', '2003-08-15'),
(631, '0036690946', 'DWI IRAWATI', 203, '0036690946', '2003-12-05'),
(632, '0035050828', 'EKA PUTRI FEBRIYANTI', 203, '0035050828', '2003-02-17'),
(633, '0042316569', 'ENGGAR SILALAHI', 203, '0042316569', '2004-06-12'),
(634, '0042973543', 'Erica Wardha Dwi Harjunady', 203, '0042973543', '2004-05-26'),
(635, '0036331435', 'EVIKA DWI ANGGRAINI', 203, '0036331435', '2003-11-04'),
(636, '0043281653', 'FADHEL PUTRA HERTUS ZULTAQWA', 203, '0043281653', '2004-03-24'),
(637, '0031286337', 'Fahmi Surya Samudra', 203, '0031286337', '2003-02-07'),
(638, '0042437559', 'FEBY WULANDARI', 203, '0042437559', '2004-02-14'),
(639, '0036410548', 'FIRDA LUSIYANTI', 203, '0036410548', '2003-08-12'),
(640, '0039474861', 'GANI SAPTA PURNAMA', 203, '0039474861', '2003-09-02'),
(641, '0048493293', 'I KADEK DWI FERNANDA', 203, '0048493293', '2004-02-08'),
(642, '0046300398', 'JODI SETIAWAN', 203, '0046300398', '2004-02-03'),
(643, '0032807241', 'JORGI BAGAS ERLANGGA', 203, '0032807241', '2003-06-30'),
(644, '0038732178', 'KARISMA DEWI', 203, '0038732178', '2004-03-30'),
(645, '0043031376', 'Kresna Surya Syahputra', 203, '0043031376', '2004-03-08'),
(646, '0036987006', 'LELY DWI LESST', 203, '0036987006', '2003-07-22'),
(647, '0036178600', 'M. DAVIS HUDI YANUARTA', 203, '0036178600', '2003-05-04'),
(648, '0042737972', 'Marisa Bella Nabilla', 203, '0042737972', '2004-03-22'),
(649, '0034799004', 'MAULANA ALFARIZI', 204, '0034799004', '2004-12-29'),
(650, '0036173190', 'Maulida Yuni Sulvia Putri', 204, '0036173190', '2003-06-25'),
(651, '0043352275', 'Mia Rizka Aulia', 204, '0043352275', '2004-04-05'),
(652, '0040810900', 'Michael Fabian Susanto', 204, '0040810900', '2004-05-29'),
(653, '0037316599', 'MICHO ADI PUTRA WIBOWO', 204, '0037316599', '2003-11-11'),
(654, '0042880054', 'Moch. Rizki Ashabul Fajri', 204, '0042880054', '2004-01-13'),
(655, '0036172960', 'MOH. GALIH AGUSTIAN', 204, '0036172960', '2003-08-31'),
(656, '0035842547', 'MOH. HARIS SOFYAN', 204, '0035842547', '2003-08-23'),
(657, '0041008312', 'MOH. KATAMI', 204, '0041008312', '2004-04-08'),
(658, '0043210555', 'Mohammad Rizaldy Ramadhan', 204, '0043210555', '2004-10-20'),
(659, '0034541740', 'MUHAMMAD ABDAN RIZKY SYAKURAN', 204, '0034541740', '2003-11-12'),
(660, '0066255410', 'Muhammad Fikri', 204, '0066255410', '2004-04-29'),
(661, '0033147435', 'MUHAMMAD RAFSANJANI', 204, '0033147435', '2003-08-23'),
(662, '0036958900', 'NADIA', 204, '0036958900', '2003-08-29'),
(663, '0042375742', 'Nadia Dwi Safitri', 204, '0042375742', '2004-04-20'),
(664, '0034814798', 'NADIA DWI SEPTYA NINGRUM', 204, '0034814798', '2003-09-08'),
(665, '0042374572', 'NANDA DWI SARI', 204, '0042374572', '2004-09-10'),
(666, '0045407409', 'NARITA FARHAM', 204, '0045407409', '2004-04-14'),
(667, '0039546050', 'Nava Zavira Salsabila', 204, '0039546050', '2003-07-13'),
(668, '0032823090', 'NAWANG JUWITA ASMARA DEWATI', 204, '0032823090', '2003-12-02'),
(669, '0043274708', 'NIKKO DWI CAHYO', 204, '0043274708', '2004-05-22'),
(670, '0035899640', 'RIFDA FAUZIYAH', 204, '0035899640', '2003-05-13'),
(671, '0034892692', 'Rindy Apriliana Larasati', 204, '0034892692', '2003-04-23'),
(672, '0038353662', 'RISMA MAULIDA', 204, '0038353662', '2003-05-24'),
(673, '0036470196', 'RIZQI RAMADHANA DWI KUSUMA', 204, '0036470196', '2003-11-10'),
(674, '0043792685', 'Robbi\'ulana', 204, '0043792685', '2004-05-07'),
(675, '0035180732', 'SAHRUL GUNAWAN', 204, '0035180732', '2003-12-13'),
(676, '0029560955', 'SINTA ADELIA', 204, '0029560955', '2002-07-09'),
(677, '0043252118', 'Suryanda Putri Aprilia', 204, '0043252118', '2004-04-04'),
(678, '0036194343', 'SUSILO ANDYANI', 204, '0036194343', '2003-12-08');
INSERT INTO `siswa` (`id_siswa`, `nisn`, `nm_siswa`, `id_kelas`, `username`, `password`) VALUES
(679, '0039080118', 'TALITHA ANINDYA SHAFIQAH', 204, '0039080118', '2003-07-27'),
(680, '0040650375', 'TASYA ANGGRAINI PUTRI', 204, '0040650375', '2004-11-27'),
(681, '0042652833', 'Umi Latifatunnisa', 204, '0042652833', '2004-12-12'),
(682, '0040551771', 'VARISA WIDIYAWATI', 204, '0040551771', '2004-03-05'),
(683, '0042557262', 'WIDITYA ARISTA FIRNANDA', 204, '0042557262', '2004-09-27'),
(684, '0036485497', 'YOGA MUHAMMAD REYVANANDA', 204, '0036485497', '2003-09-18'),
(685, '0022260264', 'ADELIA EKA RAMADINI', 309, '0022260264', '2002-11-24'),
(686, '0027577303', 'AFIFAH NOER JANNAH', 309, '0027577303', '2002-07-29'),
(687, '0026478155', 'AGUS KURNIAWAN', 309, '0026478155', '2002-08-20'),
(688, '0026478451', 'AHMAD DANANG SAGITA', 309, '0026478451', '2002-11-07'),
(689, '0035899635', 'AHMAD SUPRIYADI', 309, '0035899635', '2003-02-27'),
(690, '0033033761', 'AINUN SYAIRA DWI WIDYANI', 309, '0033033761', '2003-04-09'),
(691, '0026477723', 'ALFIAN ALDO TRISTIATNO', 309, '0026477723', '2002-09-22'),
(692, '0034798279', 'ANANDA PUTRI FISTSA', 309, '0034798279', '2003-03-05'),
(693, '0038552556', 'ANDRAINA AZIZAH', 309, '0038552556', '2003-09-04'),
(694, '0038996526', 'ANKA FEBRIANA ARGHATA', 309, '0038996526', '2003-02-21'),
(695, '0033034156', 'ANNISA DWI NURDIANTY', 309, '0033034156', '2003-01-09'),
(696, '0036380608', 'ANNISA NURFAWZIA FARASWATI', 309, '0036380608', '2003-06-09'),
(697, '0026477778', 'ANNISA ZAHRA MULIAWAN', 309, '0026477778', '2002-10-18'),
(698, '0032458161', 'ARBAU NURUL HOTIMAH', 309, '0032458161', '2003-04-02'),
(699, '0033034469', 'ARDHA VICKY PERMANA PUTRA', 309, '0033034469', '2003-03-15'),
(700, '0032366508', 'ARI KURNIA DAMAYANTI', 309, '0032366508', '2003-05-07'),
(701, '0018934059', 'ARINI ADELIYA RAMADINI', 309, '0018934059', '2001-12-13'),
(702, '0031970762', 'AUDI OKTAVIANTI', 309, '0031970762', '2003-10-02'),
(703, '0020086083', 'AULA SAFITRI', 309, '0020086083', '2002-12-16'),
(704, '0029686016', 'BENITA AJENG SAVIRA', 309, '0029686016', '2002-04-19'),
(705, '0037238726', 'CHICHIN NAILA IZATI', 309, '0037238726', '2003-02-21'),
(706, '0020914405', 'CHOIRUNISA DEVITA JULIANA', 309, '0020914405', '2002-07-15'),
(707, '0032012361', 'CILVI NANDA INDRIANI', 309, '0032012361', '2003-02-12'),
(708, '0026479463', 'CINDY PAQUITA ROHALY', 309, '0026479463', '2002-08-28'),
(709, '0026478017', 'CITRA OCTAVIANI CAHYA NINGRUM', 309, '0026478017', '2002-10-15'),
(710, '0025513739', 'DEFANY REGINA ANGGRAINI', 309, '0025513739', '2002-12-31'),
(711, '0033035413', 'DEVI RAMADANI', 309, '0033035413', '2003-10-27'),
(712, '0033035167', 'DIAN AYU PUSPAYANTI', 309, '0033035167', '2003-01-22'),
(713, '0036690934', 'DIAN NURIMAMAH', 309, '0036690934', '2003-07-29'),
(714, '0033033993', 'DINDA KODNATUL NADA', 309, '0033033993', '2003-01-08'),
(715, '0031937301', 'DINDA MAULIDA NURJANNAH', 309, '0031937301', '2003-05-06'),
(716, '0025646303', 'DINDA NOVITA PERMATASARI', 309, '0025646303', '2002-11-17'),
(717, '0026477638', 'DINDA RIZMA TRYANA', 309, '0026477638', '2002-08-28'),
(718, '0032373150', 'DITA ANDINI', 309, '0032373150', '2003-08-28'),
(719, '0025750762', 'DIYAH VUSVE NEGARI', 310, '0025750762', '2002-06-01'),
(720, '0025049983', 'EKA LANIA PUTRI', 310, '0025049983', '2002-02-28'),
(721, '0026479438', 'EKA ZHAFIRA AGUSTINA', 310, '0026479438', '2002-08-21'),
(722, '0026477612', 'ELVIRA DWI SETYANINGRUM', 310, '0026477612', '2002-04-18'),
(723, '0027213127', 'ERIKA AYU ANGRAINI', 310, '0027213127', '2002-05-16'),
(724, '0034395912', 'EVITRI UTAMI', 310, '0034395912', '2003-06-06'),
(725, '0023700051', 'FARA DIVA ARZETI', 310, '0023700051', '2002-09-04'),
(726, '0022221560', 'FARIDA AMALIA', 310, '0022221560', '2003-01-25'),
(727, '0025164588', 'FATHUN NAURA MAGHFIROH', 310, '0025164588', '2002-12-03'),
(728, '0028255463', 'FEBI AYU HIDAYATI', 310, '0028255463', '2002-07-27'),
(729, '0025941132', 'FISCA ANNISA RAMADHANI', 310, '0025941132', '2002-11-25'),
(730, '0028023926', 'FITRIYATUL WULAN NASRUHA', 310, '0028023926', '2002-12-01'),
(731, '0032012603', 'HELDA IKA YUNITA', 310, '0032012603', '2003-06-09'),
(732, '0013511552', 'HURIN\'IN', 310, '0013511552', '2001-06-21'),
(733, '0033033755', 'HUSNUL HOTIJAH', 310, '0033033755', '2003-03-06'),
(734, '0031588492', 'HUSNUL KHOTIMAH', 310, '0031588492', '2003-03-08'),
(735, '0025627527', 'IKA MULYATI', 310, '0025627527', '2002-03-17'),
(736, '0028751586', 'ILMI HANIF HIFDYA', 310, '0028751586', '2002-09-11'),
(737, '0033034129', 'IMELDA FAHIRAFASI', 310, '0033034129', '2003-02-12'),
(738, '0031497448', 'INDAH WIDIASTUTIK', 310, '0031497448', '2003-07-07'),
(739, '0032233099', 'INDRI NOVITASARI', 310, '0032233099', '2003-01-29'),
(740, '0026477721', 'INTAN AGUSTINA', 310, '0026477721', '2002-08-27'),
(741, '0036550230', 'INTAN AYUNINGTYAS', 310, '0036550230', '2003-02-08'),
(742, '0026477752', 'ISABELLA ASHARI', 310, '0026477752', '2002-07-16'),
(743, '0026478215', 'JUANITO ERIC NASARIO AGUSTIN', 310, '0026478215', '2002-09-10'),
(744, '0039110414', 'JUNDA MAKKATA', 310, '0039110414', '2003-02-19'),
(745, '0026477937', 'KELVIN ADRIANSYAH', 310, '0026477937', '2002-05-30'),
(746, '0029970266', 'KHAFIFA INDAH PARAWANSA', 310, '0029970266', '2002-10-20'),
(747, '0033034104', 'KHARISMA MAULIDA MAHARANI', 310, '0033034104', '2003-05-01'),
(748, '0027321605', 'LAILATUL FITRIYANI', 310, '0027321605', '2002-12-13'),
(749, '0022320751', 'LAURA AQIDATUL ISLAMIYAH', 310, '0022320751', '2002-05-27'),
(750, '0026479721', 'LORA AGUSTIN CAHAYA ASIH', 310, '0026479721', '2002-08-17'),
(751, '0028919845', 'MARSHELIA AGNEZI PUTRI SURYONO', 310, '0028919845', '2002-08-22'),
(752, '0034934310', 'MASYHABI GHOFUURO', 310, '0034934310', '2003-03-30'),
(753, '0026478482', 'MEI AMIDATUS JAHRO', 310, '0026478482', '2002-05-02'),
(754, '0028919854', 'MELVINTA PUTRI DEWANTI', 311, '0028919854', '2002-09-11'),
(755, '0039254439', 'MIRANA ULFA', 311, '0039254439', '2003-06-18'),
(756, '0025750785', 'MUFIDAH', 311, '0025750785', '2002-09-11'),
(757, '0029917620', 'NABILA DESTANIA FITRI', 311, '0029917620', '2002-12-13'),
(758, '0037754792', 'NAINA EKA SABILA', 311, '0037754792', '2003-02-23'),
(759, '0021881637', 'NISSA LAILATUS SARIFA', 311, '0021881637', '2002-07-15'),
(760, '0028019085', 'NITA PUSPITA SARI', 311, '0028019085', '2002-05-30'),
(761, '0033035441', 'NOVITA ANGGRAINI', 311, '0033035441', '2003-10-13'),
(762, '0033034010', 'NURIL UMIRATUS ZAHRA', 311, '0033034010', '2003-07-13'),
(763, '0033033996', 'OVI VERA VIRNANDA', 311, '0033033996', '2003-01-25'),
(764, '0026477936', 'PANCA DYAH ALFINTINA', 311, '0026477936', '2002-05-26'),
(765, '0032012589', 'PUTI RERISSA', 311, '0032012589', '2003-03-18'),
(766, '0035262421', 'PUTRI LEONI UTAMI', 311, '0035262421', '2003-08-04'),
(767, '0029048212', 'PUTRI NOVITA SARI', 311, '0029048212', '2002-11-15'),
(768, '0030222195', 'PUTRI WULAN MAULIDYA', 311, '0030222195', '2003-06-02'),
(769, '0032921998', 'RAHMANIA ROMADHONA PUTRI SONJA', 311, '0032921998', '2003-11-22'),
(770, '0024746598', 'RENI AL HAMDA', 311, '0024746598', '2002-04-16'),
(771, '0035874803', 'RINDIANI MARCELATUL FARIHA', 311, '0035874803', '2003-05-06'),
(772, '0038409334', 'RISTA LIYA MAHARANI', 311, '0038409334', '2003-09-04'),
(773, '0040838978', 'RIZKI DWI ERLITA', 311, '0040838978', '2004-03-29'),
(774, '0028895097', 'SABRINA BARLIANA LILLAH', 311, '0028895097', '2002-10-31'),
(775, '0039826210', 'SAFIRA FITRIAWATI', 311, '0039826210', '2002-12-07'),
(776, '0028813941', 'SEKAR FITRIYANI', 311, '0028813941', '2002-12-03'),
(777, '0028639353', 'SEPTIYARTI AMELIA', 311, '0028639353', '2002-09-25'),
(778, '0027416418', 'SHAFIRA NUR RINJANI', 311, '0027416418', '2002-09-08'),
(779, '0024340035', 'SIVA JOSENUVA PUTRI WIJAYA', 311, '0024340035', '2002-08-07'),
(780, '0026496496', 'SOFIYA KHOIRUNNISA', 311, '0026496496', '2002-09-11'),
(781, '0038674731', 'SRI NANDA FITRIA', 311, '0038674731', '2003-10-05'),
(782, '0034798288', 'SYFA CAHYANISA', 311, '0034798288', '2003-04-18'),
(783, '0033844794', 'Talitha Farrelia Nur Firdaus', 311, '0033844794', '2003-05-01'),
(784, '0033034153', 'TASYA YASMIN JANNA', 311, '0033034153', '2003-01-02'),
(785, '0024126885', 'TITIK NOR', 311, '0024126885', '2002-07-18'),
(786, '0028919879', 'VIRLYANA PIJAR', 311, '0028919879', '2002-10-09'),
(787, '0033033878', 'WULAN MAULIDIYAH PUTRI', 311, '0033033878', '2003-05-15'),
(788, '0028439372', 'YOLANDA SUKMASARI', 311, '0028439372', '2002-12-29'),
(789, '0025512506', 'YULIANA', 311, '0025512506', '2002-07-11'),
(790, '0031970514', 'ABDILATAMA SURYA PUTRA', 314, '0031970514', '2003-04-05'),
(791, '0026478143', 'ADETYA RISWANDA', 314, '0026478143', '2002-12-02'),
(792, '0036212351', 'ADINDA DWI AYU AGUSTIN', 314, '0036212351', '2002-08-08'),
(793, '0023100895', 'AGESTA IRNA MARGARETA', 314, '0023100895', '2002-08-12'),
(794, '0033034310', 'AGNES LUISA STEFANI', 314, '0033034310', '2003-09-29'),
(795, '0025176584', 'AHMAD DWI PRASETYA', 314, '0025176584', '2002-10-25'),
(796, '0033034502', 'ALDO SANTA RISQI', 314, '0033034502', '2003-03-15'),
(797, '0034798290', 'ALFINA DAMAYANTI', 314, '0034798290', '2003-04-20'),
(798, '0016250198', 'ANDI ANISYA FARADILLA', 314, '0016250198', '2001-07-08'),
(799, '0026477776', 'ANGEL OKA WAHYU DEWANTI', 314, '0026477776', '2002-10-09'),
(800, '0027416384', 'ANISA MAHARANI PUTRI', 314, '0027416384', '2002-03-21'),
(801, '0026478499', 'AULIA SEPTIYANA SARI', 314, '0026478499', '2002-09-14'),
(802, '0026479012', 'CHORNELA DINDA PALUPI', 314, '0026479012', '2002-11-30'),
(803, '0036922966', 'CINDY PERMATASARI', 314, '0036922966', '2003-03-01'),
(804, '0028230515', 'DANIEL AMRULLAH', 314, '0028230515', '2002-08-08'),
(805, '0033035435', 'DEA DWI MAULITA', 314, '0033035435', '2003-05-16'),
(806, '0029472463', 'DELLA DEVITA PUTRI', 314, '0029472463', '2002-06-12'),
(807, '0018480186', 'DESTRIE NADAA NAUROH', 314, '0018480186', '2001-12-03'),
(808, '0026628600', 'DEVI KRISTIA PUTERI', 314, '0026628600', '2002-12-07'),
(809, '0025918189', 'DEVY MUTIARA RENI', 314, '0025918189', '2002-06-23'),
(810, '0037232880', 'DIAH AULIA PUTRI', 314, '0037232880', '2003-07-26'),
(811, '0029789145', 'DIANA RAHAYU', 314, '0029789145', '2002-07-21'),
(812, '0033033732', 'DINA DANIAR', 314, '0033033732', '2003-01-25'),
(813, '0010948671', 'DINDA AYU FANNY', 314, '0010948671', '2001-06-11'),
(814, '0022308895', 'DWI LESST DAMAIHATI', 314, '0022308895', '2002-10-29'),
(815, '0034798260', 'DYAS DWI ANGGRAINI', 314, '0034798260', '2003-01-03'),
(816, '0036378893', 'EKA PUTRI NURMAYASARI', 314, '0036378893', '2003-02-23'),
(817, '0027937768', 'ELMAMINGKA ARI SOPINDRI', 314, '0027937768', '2002-01-06'),
(818, '0028751584', 'ELSYA PUTRI NATALIA SAPUTRO', 314, '0028751584', '2002-12-25'),
(819, '0026479461', 'ERLINDA AMALIYAH PUTRI', 314, '0026479461', '2002-07-08'),
(820, '0033033754', 'FIRDAUS ALFIANSAH', 314, '0033033754', '2003-03-24'),
(821, '0025750800', 'FIRDAUS ANDRE MAULANA', 314, '0025750800', '2002-07-23'),
(822, '0028178091', 'FITANIKO PUTRI MAYSESA', 314, '0028178091', '2002-05-07'),
(823, '0026477762', 'FITRIA AYU H.S', 314, '0026477762', '2002-09-04'),
(824, '0031257763', 'FRISKA MAHARANI', 314, '0031257763', '2003-04-29'),
(825, '0029777933', 'GALUH DEWI PARWATI', 314, '0029777933', '2002-08-13'),
(826, '0021608936', 'GEDE EKA SAPUTRA', 314, '0021608936', '2002-10-26'),
(827, '0031677218', 'NI PUTU SINTIA DEVI MARGARETHA', 314, '0031677218', '2003-03-22'),
(828, '0028656256', 'GIGIH WAHYU PRASTYO', 315, '0028656256', '2002-11-15'),
(829, '0027050937', 'GINA SEPTI MAHARANI', 315, '0027050937', '2002-07-22'),
(830, '0026478021', 'GRACE MAHARANI', 315, '0026478021', '2002-10-20'),
(831, '0033034801', 'HERMIGRIL NENSI ADE SANDOHA', 315, '0033034801', '2002-06-15'),
(832, '0038254999', 'I PUTU SATYA OKKY NUGRAHA', 315, '0038254999', '2003-07-03'),
(833, '0026478095', 'ILMA ANGGRAENI AYU LESST', 315, '0026478095', '2002-07-21'),
(834, '0025866038', 'IRA SEPTIA IFANI SARI', 315, '0025866038', '2002-09-13'),
(835, '0025918291', 'JEPRI ALPA HIDAYAT', 315, '0025918291', '2002-05-20'),
(836, '0037087592', 'KARTIKA SARI DEVI', 315, '0037087592', '2003-06-12'),
(837, '0033034856', 'KENZA DHIVA RINST', 315, '0033034856', '2003-01-15'),
(838, '0026925045', 'KHOIRIN NIDA', 315, '0026925045', '2002-08-04'),
(839, '0034657200', 'KRISNA FAJAR KURNIA', 315, '0034657200', '2003-03-27'),
(840, '0030998956', 'LADYOLA HAKITA', 315, '0030998956', '2003-04-02'),
(841, '0032074014', 'Margaretha Dinda El Patra', 315, '0032074014', '2002-05-22'),
(842, '0028430882', 'MARIA ULFA', 315, '0028430882', '2002-05-02'),
(843, '0023741398', 'MAYANG SARI', 315, '0023741398', '2002-04-19'),
(844, '0036939600', 'MICHELLA DUTA IMANI', 315, '0036939600', '2003-03-13'),
(845, '0027416393', 'MIFTAHUL DWI HUSDIANTI', 315, '0027416393', '2002-05-14'),
(846, '0016958222', 'MITA APRILIA', 315, '0016958222', '2001-04-04'),
(847, '0025918216', 'MITA PUTRI MAULINA', 315, '0025918216', '2002-08-17'),
(848, '0039355319', 'MOH. ANDI SOHEBUL ARIF', 315, '0039355319', '2003-05-27'),
(849, '0037158564', 'MOH. RISKI FIRMANSAH', 315, '0037158564', '2003-05-02'),
(850, '0028178133', 'MUHAMMAD WILDHAN RAMADHANI', 315, '0028178133', '2002-12-03'),
(851, '0035991606', 'NABELLA ANGGITA DWIYANTI', 315, '0035991606', '2003-03-03'),
(852, '0036177779', 'NAFASYA YUNIKA MELIA', 315, '0036177779', '2003-01-09'),
(853, '0035109739', 'NATASYA CHEFRILIA PUTRI', 315, '0035109739', '2003-01-30'),
(854, '0028698837', 'NILA AZIZAH', 315, '0028698837', '2002-07-05'),
(855, '0025570477', 'NOVIA DAMAYANTI', 315, '0025570477', '2002-11-28'),
(856, '0026478262', 'NOVIA KHARISMA DWIYANTI', 315, '0026478262', '2002-11-28'),
(857, '0032458089', 'NUNGKY DWI WAHYUNI', 315, '0032458089', '2003-06-28'),
(858, '0032233140', 'NUR AINI PUSPITASARI', 315, '0032233140', '2003-03-20'),
(859, '0022886656', 'NUR HALIMAH', 315, '0022886656', '2002-12-22'),
(860, '0034798294', 'NURMA CANTIKA PURNAMA SARI', 315, '0034798294', '2003-04-27'),
(861, '0028108162', 'NURMALA DWIAN PATTINAYA', 315, '0028108162', '2002-08-20'),
(862, '0031971964', 'PUPUT ANANDA SAIRINA', 315, '0031971964', '2003-01-04'),
(863, '0024704655', 'PUTRI KUMALA SARI', 315, '0024704655', '2002-08-09'),
(864, '0008057644', 'ERIKA NOVI ARDIANTI', 316, '0008057644', '2000-11-09'),
(865, '0029260037', 'RAHMAD FAKTHUR IRVAN SYACH', 316, '0029260037', '2002-10-03'),
(866, '0025756891', 'RANI DESITA PUTRI', 316, '0025756891', '2002-12-14'),
(867, '0022513030', 'RANI YATI', 316, '0022513030', '2002-09-14'),
(868, '0026478655', 'RESNANDYA RAHADIAN', 316, '0026478655', '2002-09-13'),
(869, '0032984131', 'Retno Indri Kurniasari', 316, '0032984131', '2003-04-19'),
(870, '0036259700', 'REVI MEILA SARI', 316, '0036259700', '2003-05-05'),
(871, '0036550237', 'RIFA NUR FARIDA', 316, '0036550237', '2003-01-16'),
(872, '0036095913', 'RISKA APRILIANI', 316, '0036095913', '2003-04-11'),
(873, '0028519267', 'ROSIANA PUTRI', 316, '0028519267', '2002-08-10'),
(874, '0026478378', 'ROZA OKTAVIANA', 316, '0026478378', '2002-10-07'),
(875, '0027958300', 'SANDI CANDRA SUTAWIJAYA', 316, '0027958300', '2002-11-07'),
(876, '0016330211', 'SAVINA AMALIA HIDAYAH', 316, '0016330211', '2001-07-25'),
(877, '0028178123', 'SELA NURDIANA', 316, '0028178123', '2002-10-31'),
(878, '0034798297', 'SELINDA ROSA NURCAHYATI', 316, '0034798297', '2003-05-02'),
(879, '0033034108', 'SHEILA NANDA ARDANA', 316, '0033034108', '2003-02-16'),
(880, '0032707196', 'SITI NUR\'AINI', 316, '0032707196', '2003-03-23'),
(881, '0036316347', 'SRI ASTUTIK', 316, '0036316347', '2003-03-19'),
(882, '0027577313', 'STEVEN RONIS PANGARIBUAN', 316, '0027577313', '2002-10-10'),
(883, '0025421516', 'Syafa\'atul Mazida Fitriani', 316, '0025421516', '2002-12-14'),
(884, '0025857634', 'TADZKIYYAH NUR ROCHMAH', 316, '0025857634', '2002-12-03'),
(885, '0022350347', 'TALISA LABITHA', 316, '0022350347', '2002-01-29'),
(886, '0026477765', 'TANSYA NOFITIYA', 316, '0026477765', '2002-09-11'),
(887, '0028895100', 'STZA RIKE WIDIANI', 316, '0028895100', '2002-11-08'),
(888, '0026479434', 'TRI WULANDARI', 316, '0026479434', '2002-03-23'),
(889, '0034726489', 'ULYA RAHMAWATI', 316, '0034726489', '2003-06-20'),
(890, '0025514912', 'UPIK FAJARIYANI', 316, '0025514912', '2002-07-12'),
(891, '0023803265', 'Venus Septianing Kirana', 316, '0023803265', '2002-09-01'),
(892, '0034798291', 'VICCO ADRIAN PRATAMA', 316, '0034798291', '2003-04-23'),
(893, '0033034043', 'VIRA MAYA UMAMI', 316, '0033034043', '2003-01-31'),
(894, '0011242813', 'WAHYU HARIYANI PUTRI', 316, '0011242813', '2001-01-20'),
(895, '0031071206', 'WIDI MELYA IKA ANDARA', 316, '0031071206', '2003-05-03'),
(896, '0034849482', 'WIGATI', 316, '0034849482', '2003-04-16'),
(897, '0026178808', 'YOHANES SEPTIAN PRATAMA', 316, '0026178808', '2002-09-25'),
(898, '0013514993', 'YUNIAR MAULIDIYAH ROSDIANA KOESWOYO', 316, '0013514993', '2001-06-14'),
(899, '0031970684', 'ZAHRA AURELIA ANBIYA', 316, '0031970684', '2003-04-20'),
(900, '0032872421', 'ZALSA SACHI RUWANDHA', 316, '0032872421', '2003-09-27'),
(901, '0034798263', 'ABILA PUTRI TITA PRATAMA', 312, '0034798263', '2003-01-06'),
(902, '0028699727', 'ALIFINAWILDA NIKMATUR ROBBANI', 312, '0028699727', '2002-10-19'),
(903, '0036863361', 'AMELIA AGUSTIN', 312, '0036863361', '2003-08-01'),
(904, '0022490020', 'ANGGI AYU SOFIA RINI', 312, '0022490020', '2002-07-23'),
(905, '0036331443', 'ANGGI EKA PUSPITASARI', 312, '0036331443', '2003-03-06'),
(906, '0028919807', 'ARSYTA DEWI', 312, '0028919807', '2002-06-16'),
(907, '0026478217', 'AZHAR OKTAVIA MAHARANI', 312, '0026478217', '2002-10-10'),
(908, '0026965428', 'CINTA AURA ARMADANI', 312, '0026965428', '2002-11-07'),
(909, '0033034064', 'DANANG HIDAYAT', 312, '0033034064', '2003-02-26'),
(910, '0025639118', 'DEA DELIANA PUTRI', 312, '0025639118', '2002-07-23'),
(911, '0026478053', 'DEVI FITRI DINI PUSPITA SARI', 312, '0026478053', '2002-12-09'),
(912, '0034035393', 'DEVI MAYANG SARI', 312, '0034035393', '2003-06-07'),
(913, '0026477867', 'DEVI OKTAVIANI', 312, '0026477867', '2002-10-22'),
(914, '0029913375', 'DEWI SRI RAHAYU', 312, '0029913375', '2002-07-10'),
(915, '0033033703', 'DINA SUCI NURMALA SARI', 312, '0033033703', '2003-02-08'),
(916, '0025750770', 'DINI ALFIDA SARI', 312, '0025750770', '2002-10-21'),
(917, '0034035387', 'DWI MUTIARA WULANDARI', 312, '0034035387', '2003-05-08'),
(918, '0025918332', 'EVI YULITHA AFANDI', 312, '0025918332', '2002-07-18'),
(919, '0033034252', 'FRISKANIA AYUNING KARISMA', 312, '0033034252', '2003-02-08'),
(920, '0038566355', 'Halimatun Nisya', 312, '0038566355', '2003-06-02'),
(921, '0033034221', 'HERLINA EKA IRIANTI', 312, '0033034221', '2003-01-07'),
(922, '0031068675', 'ILMIYAH', 312, '0031068675', '2003-05-24'),
(923, '0022479730', 'INTAN ALVIANITA', 312, '0022479730', '2002-10-18'),
(924, '0038426980', 'JESICA MEYSA DELLA', 312, '0038426980', '2003-05-02'),
(925, '0021685789', 'JUISA PUTRI EKA BAHARI', 312, '0021685789', '2002-07-12'),
(926, '0016330155', 'KHAIRUN NISA', 312, '0016330155', '2001-05-09'),
(927, '0029097410', 'KHARISSA HANDAYANI', 312, '0029097410', '2002-08-22'),
(928, '0028178109', 'LINA RUSPITA', 312, '0028178109', '2002-08-02'),
(929, '0020244228', 'LOVENA CIPTA CAHYANI', 312, '0020244228', '2002-08-12'),
(930, '0039900816', 'LUTFILAH', 312, '0039900816', '2003-06-10'),
(931, '0018934294', 'M. ARIASHIDIQI MUHTAR', 312, '0018934294', '2001-11-29'),
(932, '0013511616', 'MARDIANA', 312, '0013511616', '2001-03-19'),
(933, '0033999136', 'MAULIDIA IQRIMA SAVIRA', 312, '0033999136', '2003-05-12'),
(934, '0034798299', 'MAULIDIA PURWANTA SARI', 313, '0034798299', '2003-05-10'),
(935, '0039972706', 'NABILA NAUVI AUDINA', 313, '0039972706', '2003-02-26'),
(936, '0047874223', 'NADILLA', 313, '0047874223', '2004-01-18'),
(937, '0024541805', 'NANDA MAULIDIA EKA SAPUTRI', 313, '0024541805', '2002-05-27'),
(938, '0033033886', 'NAZILA TURROHMAH', 313, '0033033886', '2003-07-13'),
(939, '0035019309', 'Nikmatun Nazila', 313, '0035019309', '2003-04-19'),
(940, '0026479401', 'NIKO YAFI RAMDANI', 313, '0026479401', '2002-11-22'),
(941, '0026478430', 'NILAM SARI', 313, '0026478430', '2002-02-19'),
(942, '0028895102', 'NOVI CHASKIA FITRIANI', 313, '0028895102', '2002-11-27'),
(943, '0037962014', 'NUR INTAN MUSTIKA SARI', 313, '0037962014', '2003-02-22'),
(944, '0028251451', 'NURUL DINDA AMALIA', 313, '0028251451', '2002-04-08'),
(945, '0033034475', 'OKTA RAHMAWATI', 313, '0033034475', '2003-10-28'),
(946, '0026478014', 'OKTAVIA FIRDHA AYU RAHMAWATI', 313, '0026478014', '2002-10-11'),
(947, '0029737001', 'OKTAVIANA IKA ANJARSARI', 313, '0029737001', '2002-10-26'),
(948, '0038161000', 'PATIMAH', 313, '0038161000', '2003-03-23'),
(949, '0027011396', 'PUTRI IRMA SARI', 313, '0027011396', '2002-05-11'),
(950, '0020266812', 'PUTRI NURMALAWATI', 313, '0020266812', '2002-09-21'),
(951, '0026477725', 'REFIKA OKTAVIA FATMAWATI', 313, '0026477725', '2002-10-06'),
(952, '0026478589', 'RETNO AYU OKTAVIYANA', 313, '0026478589', '2002-10-20'),
(953, '0033034073', 'RINA MARIYANI', 313, '0033034073', '2003-03-06'),
(954, '0032940792', 'SABRINA AYU LESST', 313, '0032940792', '2003-03-26'),
(955, '0032233123', 'SAFIRA NURUL ISLAMIA', 313, '0032233123', '2003-06-16'),
(956, '0026479308', 'SALFA NUR VADILA', 313, '0026479308', '2002-08-28'),
(957, '0034035396', 'SITI INGNGE SAVAAISYAH', 313, '0034035396', '2002-11-24'),
(958, '0038038692', 'Siti Nafisatul Ilmi', 313, '0038038692', '2003-10-02'),
(959, '0035739523', 'TANIA MAHARANI RIZAL', 313, '0035739523', '2003-03-13'),
(960, '0027213133', 'TRI DWI YULITA SARI', 313, '0027213133', '2002-07-01'),
(961, '0027391170', 'TRIANI YUSRIAN HAFIFA', 313, '0027391170', '2002-05-15'),
(962, '0021601202', 'VINA NUR KHOZIZA', 313, '0021601202', '2002-06-28'),
(963, '0025918185', 'VIONA DWI CANTIKA', 313, '0025918185', '2002-02-25'),
(964, '0028178140', 'WINDI DESSTNI', 313, '0028178140', '2002-12-20'),
(965, '0026478230', 'YASHINTA ZULFA AINI', 313, '0026478230', '2002-12-11'),
(966, '0035994498', 'YULIHATUL HASANAH', 313, '0035994498', '2003-06-28'),
(967, '0025123379', 'ABDUL LATIEF', 317, '0025123379', '2002-02-02'),
(968, '0033033864', 'ADELIA SALMAHUMA IRA', 317, '0033033864', '2003-01-08'),
(969, '0037861212', 'ADEN NAUVAL FAROS', 317, '0037861212', '2003-01-06'),
(970, '0035664861', 'ADITYA AJI PRAKOSO', 317, '0035664861', '2003-04-03'),
(971, '0020244210', 'AGNES MEGA WULANDARI', 317, '0020244210', '2002-08-02'),
(972, '0035421552', 'AHMAD RAHADIAN FIRMANSYAH', 317, '0035421552', '2003-05-10'),
(973, '0025662853', 'ALVI SYAHRIN', 317, '0025662853', '2002-11-23'),
(974, '0033033959', 'AMANDA PUTRI AZZAHRA', 317, '0033033959', '2003-04-07'),
(975, '0036602851', 'AMELIA KURNIA PUTRI', 317, '0036602851', '2003-03-03'),
(976, '0028178127', 'ANGGI CAHYO RAMADHANI', 317, '0028178127', '2002-11-08'),
(977, '0026533715', 'ANNAS HADI PURNAMA', 317, '0026533715', '2002-09-15'),
(978, '0026479457', 'ANNISA', 317, '0026479457', '2002-06-13'),
(979, '0021225216', 'ARDINA ZAHIRO', 317, '0021225216', '2002-05-05'),
(980, '0034650561', 'AULIA PUTRI NAZAHWA', 317, '0034650561', '2003-01-17'),
(981, '0020221675', 'BERLIAN DWI NURAZIZAH', 317, '0020221675', '2002-10-30'),
(982, '0036255885', 'BULAN KIRANA SUBRATA', 317, '0036255885', '2003-03-10'),
(983, '0025918247', 'DAVID FIRMANSYAH', 317, '0025918247', '2002-06-19'),
(984, '0039064915', 'DEVINDA ANGZY PUTRI DWI YANTO', 317, '0039064915', '2003-09-19'),
(985, '0032073505', 'DEWA MEGA NANDA', 317, '0032073505', '2003-02-21'),
(986, '0022617672', 'Diki Firman Dika', 317, '0022617672', '2002-02-25'),
(987, '0026944448', 'DINA NUR AZIZAH', 317, '0026944448', '2002-02-22'),
(988, '0028230502', 'DIO FERDINAN SUBANDRI', 317, '0028230502', '2002-05-16'),
(989, '0025918190', 'DWI YULIANA', 317, '0025918190', '2002-07-27'),
(990, '0032458075', 'EKI BAYU PRATAMA', 317, '0032458075', '2003-03-21'),
(991, '0025750757', 'ELSA LISTIYANA', 317, '0025750757', '2002-01-04'),
(992, '0026477932', 'FACHRUNNISA MAULIDA', 317, '0026477932', '2002-05-13'),
(993, '0034934307', 'FEBILA AEYKATHURROFIKI HARDIYANTI', 317, '0034934307', '2003-02-24'),
(994, '0026479417', 'FERRY BUDI SETIAWAN', 317, '0026479417', '2002-10-13'),
(995, '0036551003', 'GINA NAFIYIL FIQRI', 317, '0036551003', '2003-05-05'),
(996, '0023439293', 'IDA LATIFAH', 317, '0023439293', '2002-12-14'),
(997, '0028816344', 'Ken Novice Hafidza Puteri', 317, '0028816344', '2002-11-14'),
(998, '0026479182', 'LUTFITA OKTA ULINNUHA', 317, '0026479182', '2003-10-04'),
(999, '0025708187', 'MARIA ULFA', 317, '0025708187', '2002-09-27'),
(1000, '0025750784', 'MITA ADELIA', 318, '0025750784', '2002-09-05'),
(1001, '0025750758', 'MITA ERVIANA', 318, '0025750758', '2002-03-02'),
(1002, '0028333159', 'MOH. ALIPRIYANTO BAHTIAR', 318, '0028333159', '2002-07-09'),
(1003, '0033033749', 'MOHAMMAD SURYADI', 318, '0033033749', '2003-09-01'),
(1004, '0035065361', 'MORENO HARJOYUDANTO', 318, '0035065361', '2003-06-19'),
(1005, '0033456856', 'MUTIARA SILVA ZEYLANICA', 318, '0033456856', '2003-10-02'),
(1006, '0026478150', 'NISA MIFTAHUL JANNAH', 318, '0026478150', '2002-07-01'),
(1007, '0038711084', 'NOVA AYUNI', 318, '0038711084', '2003-03-13'),
(1008, '0028484668', 'NURIL KAMILA FARADISA', 318, '0028484668', '2002-12-25'),
(1009, '0037761641', 'OVA DWI MAHARANI', 318, '0037761641', '2001-05-30'),
(1010, '0029002606', 'PUTRI INDIRA PUSPITASARI', 318, '0029002606', '2002-08-09'),
(1011, '0034804556', 'PUTRI NITA AMELIA', 318, '0034804556', '2003-07-23'),
(1012, '0032115940', 'RAMDLAN S. RIO BRILIAN ANUGRAH', 318, '0032115940', '2003-05-28'),
(1013, '0026478090', 'REZA ALFIEN MAULANA', 318, '0026478090', '2002-09-02'),
(1014, '0032458164', 'RIEKE DIAH AGUSTRIANA', 318, '0032458164', '2003-08-06'),
(1015, '0023828627', 'RIKI WISNU PUTRA KAMBUAYA', 318, '0023828627', '2002-10-21'),
(1016, '0028178136', 'RIMA IFA KURNIAWATI', 318, '0028178136', '2002-12-09'),
(1017, '0031429810', 'RISMA RIZKI AMALIA', 318, '0031429810', '2003-03-05'),
(1018, '0028405484', 'ROFIQOH', 318, '0028405484', '2002-09-04'),
(1019, '0039973828', 'SADDAM ICHWAN INTANUSYA', 318, '0039973828', '2003-04-23'),
(1020, '0025750759', 'SANDRA AYU APRILYANI', 318, '0025750759', '2002-04-03'),
(1021, '0028895070', 'SATRIA IRAWAN', 318, '0028895070', '2002-03-01'),
(1022, '0013269977', 'SAYU SIFA QONITA', 318, '0013269977', '2001-04-05'),
(1023, '0027338332', 'SELOMITA NUR AFFANDI', 318, '0027338332', '2002-04-15'),
(1024, '0032458095', 'SHINTA LIANA', 318, '0032458095', '2003-02-20'),
(1025, '0028430881', 'SUMARTINI', 318, '0028430881', '2002-04-04'),
(1026, '0022320729', 'SYAKILAH MUHAMMAD', 318, '0022320729', '2002-10-04'),
(1027, '0036550236', 'TRI INDAH WAHYUNI', 318, '0036550236', '2003-06-30'),
(1028, '0024168484', 'VIRGIN NAFILAH', 318, '0024168484', '2002-09-14'),
(1029, '0035765695', 'WIYOTA SALSABILLA AZIIZAH', 318, '0035765695', '2003-06-14'),
(1030, '0028529172', 'ZAMRATUS SOFIAH', 318, '0028529172', '2002-10-20'),
(1031, '0037663622', 'ZULFIKAR ALHAQ', 318, '0037663622', '2003-04-17'),
(1032, '0028657383', 'AFRA SYABRINA', 305, '0028657383', '2002-11-19'),
(1033, '0027524552', 'AHMAD FAJAR RIZALUDDIN', 305, '0027524552', '2002-03-30'),
(1034, '0026478467', 'ALUSYOS YOSEPH GUNAWAN WACAKSONO', 305, '0026478467', '2002-11-06'),
(1035, '0026477594', 'AMANDA YOGA PRATAMA', 305, '0026477594', '2002-12-10'),
(1036, '0033034151', 'ANGGI MAULIYA', 305, '0033034151', '2003-07-23'),
(1037, '0025918340', 'ANISA SILVIANA AMANDA PUTRI', 305, '0025918340', '2002-09-27'),
(1038, '0033034653', 'BINASTI WAHYUNING JANUARISTI', 305, '0033034653', '2003-01-16'),
(1039, '0032740476', 'CAESAR ACHMAD BADAR MAULANA IBRAHIM PUTRA', 305, '0032740476', '2003-01-21'),
(1040, '0026477567', 'CALISTA AINUN MAHARANI', 305, '0026477567', '2002-06-30'),
(1041, '0026477557', 'DELLA FITRI RAHMADANIA', 305, '0026477557', '2002-12-04'),
(1042, '0033033757', 'Dinda Nur \'aini', 305, '0033033757', '2003-03-28'),
(1043, '0027050785', 'DIRGANTARA TEGAR YUSMIA ALTAROSI', 305, '0027050785', '2002-08-03'),
(1044, '0029466593', 'DIVA ARTHA MEUTIA', 305, '0029466593', '2002-10-03'),
(1045, '0036821725', 'DWI AYU TIKA HARDIYANTI', 305, '0036821725', '2003-10-08'),
(1046, '0026477786', 'ELLYV SEPTIANA EKA PUTRI', 305, '0026477786', '2002-09-11'),
(1047, '0026477747', 'FIONA NADA ALVITA', 305, '0026477747', '2002-07-08'),
(1048, '0025655523', 'FIRYAL LAILA SYAFA', 305, '0025655523', '2002-11-11'),
(1049, '0015486685', 'FITRIA DESTIA RINI', 305, '0015486685', '2001-12-12'),
(1050, '0026477760', 'GERALD AGUNG WASIS RAHARJO', 305, '0026477760', '2002-08-29'),
(1051, '0028478574', 'IDA NURIA', 305, '0028478574', '2002-09-22'),
(1052, '0036556886', 'IKA HIJRIYATUSSHOLIHAH', 305, '0036556886', '2003-03-28'),
(1053, '0036772987', 'INDAH EKA WULANDARI', 305, '0036772987', '2003-03-10'),
(1054, '0033035420', 'KARINA DWI CAHYANI', 305, '0033035420', '2003-03-21'),
(1055, '0035618445', 'KETUT INDIRA SARASWATI', 305, '0035618445', '2003-01-24'),
(1056, '0034403726', 'LALUNA RACHEL PERMATA DIAN', 305, '0034403726', '2003-03-22'),
(1057, '0028178098', 'LINTANG DWI SENTIKA', 305, '0028178098', '2002-06-02'),
(1058, '0036654983', 'LOYA JIRGA ALINSYIRAH', 305, '0036654983', '2003-05-29'),
(1059, '0014362188', 'LUQMAN HAKIM SUPRIYADI', 305, '0014362188', '2001-07-20'),
(1060, '0033783684', 'MELVIA CIO ARTAMERTA GOPAR', 305, '0033783684', '2003-03-07'),
(1061, '0026479599', 'MILATI', 305, '0026479599', '2002-07-23'),
(1062, '0000086779', 'MOH. VICKY ALPIAN', 305, '0000086779', '2003-11-30'),
(1063, '0038975761', 'MUHAMAD AINUN KAMAL', 305, '0038975761', '2003-04-09'),
(1064, '0031984511', 'MUHAMAD JEFRIL OTHMAN', 305, '0031984511', '2003-01-02'),
(1065, '0027416407', 'MUHAMMAD FUAD AL FARISY', 305, '0027416407', '2002-08-07'),
(1066, '0033540973', 'NANDA MUHAMAD DANISWARA', 305, '0033540973', '2003-05-11'),
(1067, '0026621846', 'NANDA TEGAR HADI SAPUTRA', 305, '0026621846', '2002-10-19'),
(1068, '0016250825', 'SEPTIAN WIBOWO', 305, '0016250825', '2001-09-13'),
(1069, '0026477969', 'NANDITA YULIASTINI', 306, '0026477969', '2002-07-30'),
(1070, '0033034011', 'NONA CANTIKA RATU DUNIA LEORITO', 306, '0033034011', '2003-07-29'),
(1071, '0026844620', 'NOVY PUTRI RAMADHANI', 306, '0026844620', '2002-11-22'),
(1072, '0027416412', 'NUR HALIMATUS SA\'DIYAH', 306, '0027416412', '2002-08-08'),
(1073, '0027165157', 'NURJANNAH', 306, '0027165157', '2002-12-16'),
(1074, '0028022081', 'OKTAVIA DAMAYANTI', 306, '0028022081', '2002-10-03'),
(1075, '0028731560', 'PUTRI NURIA', 306, '0028731560', '2002-06-02'),
(1076, '0038057143', 'QOTHRUNADA FIRDAUSI', 306, '0038057143', '2003-05-22'),
(1077, '0028857700', 'RADA AULIA SARI', 306, '0028857700', '2002-09-20'),
(1078, '0003668585', 'RANGGA BICKY HANANTA', 306, '0003668585', '2000-11-03'),
(1079, '0025918243', 'REGINA PUTRI RUSDIANTINI', 306, '0025918243', '2002-05-25'),
(1080, '0028919892', 'REZA BERLIANTI', 306, '0028919892', '2002-10-25'),
(1081, '0032074005', 'RHICO ARYA RADITYA', 306, '0032074005', '2003-03-18'),
(1082, '0027416382', 'RHOMY MUHAMMAD FADLY', 306, '0027416382', '2002-03-11'),
(1083, '0033078854', 'RIKI JUNATAN FADILA', 306, '0033078854', '2003-01-12'),
(1084, '0033033922', 'RITZCAL ARIF PRAMECY', 306, '0033033922', '2003-01-14'),
(1085, '0026477858', 'SAFIRA AZ ZAHRA', 306, '0026477858', '2002-11-07'),
(1086, '0021180898', 'SALSA OKTAVIA SUKMAWATI', 306, '0021180898', '2002-10-02'),
(1087, '0033465306', 'SANDRA MAUDY VERONICA', 306, '0033465306', '2003-05-20'),
(1088, '0025918277', 'SELLY MARETA', 306, '0025918277', '2003-03-26'),
(1089, '0035534499', 'SENDA FEBRIAN', 306, '0035534499', '2003-02-27'),
(1090, '0028128974', 'SHIRLEY HERTINA WIRIANTINI', 306, '0028128974', '2002-12-04'),
(1091, '0025513737', 'SILVA FEBIAN NABILA', 306, '0025513737', '2002-12-21'),
(1092, '0026477689', 'SINANGHAYU GINAMALINI', 306, '0026477689', '2002-12-04'),
(1093, '0026479448', 'SISKA RATNASARI', 306, '0026479448', '2002-12-27'),
(1094, '0033034085', 'SITI AISYAH', 306, '0033034085', '2003-02-22'),
(1095, '0024435353', 'SYIFA WAHIDA RAHMANIYAH', 306, '0024435353', '2002-07-12'),
(1096, '0026477890', 'TALITA SALSABILA QURROTU\'AIN', 306, '0026477890', '2002-10-01'),
(1097, '0033034107', 'TIO FIRMANSYAH HARLIA PRATAMA', 306, '0033034107', '2003-01-02'),
(1098, '0026478407', 'TRI MITA RAMADINA', 306, '0026478407', '2002-11-23'),
(1099, '0045537307', 'TUTIK HIDAYANTI', 306, '0045537307', '2004-08-06'),
(1100, '0035612419', 'VALENTINO ROSSI AKBAR', 306, '0035612419', '2003-10-28'),
(1101, '0018552966', 'WARAS', 306, '0018552966', '2001-08-17'),
(1102, '0034798271', 'AKHLAKUL KHARIMAH', 307, '0034798271', '2003-02-07'),
(1103, '0034671915', 'ALFI MUSTIKA FAHMI', 307, '0034671915', '2003-12-15'),
(1104, '0023359868', 'ALIYAH', 307, '0023359868', '2002-09-07'),
(1105, '0028814918', 'ANNA MAULIDIA', 307, '0028814918', '2002-05-30'),
(1106, '0034798305', 'ANNISA OLGA OMPI PUTRI WIDAGDO', 307, '0034798305', '2003-06-26'),
(1107, '0028492740', 'ANTI WIDYA NINGRUM', 307, '0028492740', '2002-08-07'),
(1108, '0033034005', 'ANTIKA TRI AYU LESST', 307, '0033034005', '2003-06-06'),
(1109, '0030266398', 'APRIL DAYANTI DWI YASNI PUTRI', 307, '0030266398', '2003-04-07'),
(1110, '0022908069', 'APRILIA DWI NUR ILMI', 307, '0022908069', '2002-04-02'),
(1111, '0031947713', 'APRIM MARITA ULFI', 307, '0031947713', '2003-04-21'),
(1112, '0033034371', 'AQILATUN NAFISAH', 307, '0033034371', '2003-04-26'),
(1113, '0038900510', 'AULIDATRI SHAFILA', 307, '0038900510', '2003-04-02'),
(1114, '0026477696', 'AVEL FIOLAN PRASASTI', 307, '0026477696', '2002-09-13'),
(1115, '0036035285', 'AYU PUSPITASARI', 307, '0036035285', '2003-06-14'),
(1116, '0037116991', 'BINTANG VALENTINA SALIHIN', 307, '0037116991', '2003-02-15'),
(1117, '0028284887', 'CIA SURYA RACHMAN', 307, '0028284887', '2002-10-25'),
(1118, '0032642891', 'Didin Ekasari', 307, '0032642891', '2003-05-16'),
(1119, '0018636469', 'DINDA YUSNIA TEMARA PUTRI', 307, '0018636469', '2002-11-14'),
(1120, '0023370292', 'DINI ULFIYA ROSA', 307, '0023370292', '2002-04-09'),
(1121, '0039199853', 'EKA ROSILAWATI', 307, '0039199853', '2003-04-07'),
(1122, '0028178084', 'ELA SONYA', 307, '0028178084', '2002-02-14'),
(1123, '0025616883', 'ELOK INDRIANI', 307, '0025616883', '2003-03-08'),
(1124, '0025366875', 'ENGGIE DWI PUTRI', 307, '0025366875', '2002-09-01'),
(1125, '0038102577', 'FAYZA NIHRUN NISA', 307, '0038102577', '2003-01-28'),
(1126, '0038550291', 'FIRINDAH AYU CAHYA DEWI', 307, '0038550291', '2003-01-01'),
(1127, '0037880299', 'GHINA FEBYTA LARASATI', 307, '0037880299', '2003-02-25'),
(1128, '0020065368', 'HURIN IN', 307, '0020065368', '2002-10-24'),
(1129, '0028637821', 'IKAYATUL QORI\'AH', 307, '0028637821', '2002-07-03'),
(1130, '0033277097', 'IKKE SABELLA', 307, '0033277097', '2003-03-07'),
(1131, '0022963065', 'INGGI PUSPITA SARI', 307, '0022963065', '2002-07-18'),
(1132, '0035299965', 'INTAN ALAWIYATUN NADA', 307, '0035299965', '2003-11-02'),
(1133, '0031970337', 'IRANTI PRISDIANNOVI', 307, '0031970337', '2003-07-10'),
(1134, '0035676014', 'IRMAWATI', 307, '0035676014', '2003-04-03'),
(1135, '0033242185', 'Isna Khoirun Nisa', 307, '0033242185', '2003-08-03'),
(1136, '0026477703', 'KARISMA JULIYANTI', 307, '0026477703', '2002-07-05'),
(1137, '0028895104', 'LAELATUL FITRIA', 308, '0028895104', '2002-12-20'),
(1138, '0033033834', 'LINTA LAHUM', 308, '0033033834', '2003-04-19'),
(1139, '0028919856', 'MILA SEPVIA LESST', 308, '0028919856', '2002-09-14'),
(1140, '0034035384', 'MOCHAMMAD KHADAFI', 308, '0034035384', '2003-04-09'),
(1141, '0027904967', 'MUHAMAD JAYA SAPUTRA', 308, '0027904967', '2002-05-14'),
(1142, '0039990472', 'nadya rizki putri kusuma', 308, '0039990472', '2003-03-29'),
(1143, '0029959603', 'NANI YULIA PURDIANIS', 308, '0029959603', '2002-07-11'),
(1144, '0025750789', 'NINA NURUL KHARISMA', 308, '0025750789', '2002-11-12'),
(1145, '0033035078', 'NINDY MURTI HERYANI', 308, '0033035078', '2003-09-07'),
(1146, '0022479971', 'NOVI PERMATASARI', 308, '0022479971', '2002-05-22'),
(1147, '0039995944', 'NUR MAULIDA TRIMEIRINA', 308, '0039995944', '2003-05-03'),
(1148, '0028699717', 'NURSARI HIDAYA', 308, '0028699717', '2002-05-05'),
(1149, '0026477716', 'PUTRI AMANDA ADELIA', 308, '0026477716', '2002-08-07'),
(1150, '0025936773', 'PUTRI PAMUNGKAS', 308, '0025936773', '2002-11-14'),
(1151, '0028230511', 'RETNO INDRIANI', 308, '0028230511', '2002-07-17'),
(1152, '0016041832', 'RIA ANGGRAINI', 308, '0016041832', '2001-04-28'),
(1153, '0021364767', 'RIYANI FINKA SASKIYAH', 308, '0021364767', '2002-06-08'),
(1154, '0029803906', 'SALSABILA FITRI WIJAYA', 308, '0029803906', '2002-12-10'),
(1155, '0026478100', 'SEPTI DWI ANGGRAINI', 308, '0026478100', '2002-09-29'),
(1156, '0010567909', 'SERLY PERMATASARI', 308, '0010567909', '2001-12-14'),
(1157, '0021944059', 'SHINTA DEWI LESST', 308, '0021944059', '2002-09-26'),
(1158, '0014124408', 'SILVIA JESSICA MAHARANI', 308, '0014124408', '2002-09-21'),
(1159, '0031257138', 'SINTA AYU AGUSTIN', 308, '0031257138', '2003-07-06'),
(1160, '0026478253', 'SITI FARIDA', 308, '0026478253', '2002-08-13'),
(1161, '0028698846', 'Siti Layyinatul Qomariah', 308, '0028698846', '2002-06-16'),
(1162, '0020065348', 'SITI RUSIANAH', 308, '0020065348', '2002-08-23'),
(1163, '0025918186', 'STEVENY ERITRINA', 308, '0025918186', '2002-03-04'),
(1164, '0035612291', 'TINARA NUR HAMIMAH', 308, '0035612291', '2003-05-03'),
(1165, '0026477714', 'TITA MAULANI SAPUTRI', 308, '0026477714', '2002-07-21'),
(1166, '0033033883', 'VERIA RIZKY PRIMADANI', 308, '0033033883', '2003-02-01'),
(1167, '0033034128', 'VINKA APRILLIANA', 308, '0033034128', '2003-04-11'),
(1168, '0023107879', 'WAHYUDI', 308, '0023107879', '2002-10-25'),
(1169, '0026477919', 'YUFA MARTHA CINTYA SILVYANI', 308, '0026477919', '2003-03-29'),
(1170, '0037115085', 'ZUHAIRINA BALQIS', 308, '0037115085', '2003-05-19'),
(1171, '0026056105', 'ADE OKTAVIANO ARRAHMAN', 301, '0026056105', '2002-10-07'),
(1172, '0029959474', 'AGIL FIRGIAWAN PRISTIANTO', 301, '0029959474', '2002-06-26'),
(1173, '0032458151', 'ALFIAN NUR ROHMAN', 301, '0032458151', '2003-05-13'),
(1174, '0028178113', 'ANANDA DIVA PRAYUGA', 301, '0028178113', '2002-08-23'),
(1175, '0033034226', 'ANANDA FEBI ANGGITA', 301, '0033034226', '2003-02-15'),
(1176, '0034212208', 'ANASTASYA EKA NURUL AINI', 301, '0034212208', '2003-04-20'),
(1177, '0036659514', 'ANZELIKA WAHYUDITA SARI', 301, '0036659514', '2003-06-01'),
(1178, '0029919529', 'BINTANG GENUREN ALIGAYO', 301, '0029919529', '2002-12-05'),
(1179, '0038325927', 'DAFA IFALDI', 301, '0038325927', '2003-06-25'),
(1180, '0033034063', 'DELLA REVITA', 301, '0033034063', '2003-01-19'),
(1181, '0026478429', 'DESNITA RAHMAWATI', 301, '0026478429', '2002-12-30'),
(1182, '0026478444', 'DESTRIA ZALZABILA SAFITRI', 301, '0026478444', '2002-12-26'),
(1183, '0026478313', 'DHANIAR FEBRIN WAHYUDI', 301, '0026478313', '2002-06-28'),
(1184, '0033033910', 'DYMAS YOVIE SYAHPUTRA', 301, '0033033910', '2003-01-03'),
(1185, '0034946471', 'FAJRIN MUZDALIFA NUR', 301, '0034946471', '2003-02-19'),
(1186, '0033034340', 'FARCHAN ARDIYAN', 301, '0033034340', '2002-04-25'),
(1187, '0034798284', 'FATYA ANANDA NUR AZIZAH', 301, '0034798284', '2003-03-28'),
(1188, '0033034878', 'FIRMAN JUSTISIO LESST', 301, '0033034878', '2003-06-03'),
(1189, '0026477637', 'GITA NANDA SAFITRI', 301, '0026477637', '2002-08-11'),
(1190, '0039403619', 'HENDRAWAN EFENDY', 301, '0039403619', '2003-02-17'),
(1191, '0033034238', 'INDAH DWI ROSANTI', 301, '0033034238', '2003-07-13'),
(1192, '0029138129', 'IVAN RAMADHAN TRI SANTOSO', 301, '0029138129', '2002-11-24'),
(1193, '0034692105', 'IZZA IHSAN FATHONY', 301, '0034692105', '2003-04-27'),
(1194, '0029847370', 'KALWABED RIZKI', 301, '0029847370', '2002-04-13'),
(1195, '0036672380', 'LELY MARISKA', 301, '0036672380', '2003-03-25'),
(1196, '0028533373', 'LUTFIATUS SOLEHA', 301, '0028533373', '2002-07-25'),
(1197, '0029521656', 'M. FITRAH ARDI BILLAH SAPUTRA', 301, '0029521656', '2002-12-08'),
(1198, '0028320867', 'MIFTAHUL JANNAH', 301, '0028320867', '2002-11-03'),
(1199, '0016251557', 'RAGIL AMRULLAH', 301, '0016251557', '2001-07-09'),
(1200, '0029630185', 'MITA AMELIA', 302, '0029630185', '2002-06-27'),
(1201, '0035629189', 'MOH. RICO ARIF RIYANTO', 302, '0035629189', '2003-07-04'),
(1202, '0026477542', 'MUHAMAD YUSUF NUR AKASAH', 302, '0026477542', '2002-08-06'),
(1203, '0036425516', 'MUHAMMAD AMRU ALHAFIZH', 302, '0036425516', '2003-05-24'),
(1204, '0033033752', 'MUHAMMAD JANUAR PRAYOGI', 302, '0033033752', '2003-01-30'),
(1205, '0031125941', 'MUHAMMAD PRAYUDA', 302, '0031125941', '2003-03-23'),
(1206, '0036237795', 'MUHAMMAD RAIHAN AR RASYID', 302, '0036237795', '2003-01-01'),
(1207, '0035612000', 'MYRILLA WAHYUDI PUTRI', 302, '0035612000', '2003-01-04'),
(1208, '0032458085', 'NABILLA MARGARETTA', 302, '0032458085', '2003-02-16'),
(1209, '0034651294', 'NADHIA TIFANI', 302, '0034651294', '2003-04-04'),
(1210, '0028553149', 'NAS\'ATAL ULA', 302, '0028553149', '2002-12-07'),
(1211, '0033034239', 'NAZARU DWI SISKA', 302, '0033034239', '2003-08-11'),
(1212, '0036472196', 'NITA NURHALIMA', 302, '0036472196', '2003-07-20'),
(1213, '0032458096', 'NOVIANI FITRI', 302, '0032458096', '2003-11-24'),
(1214, '0036497282', 'OMI GUSTY RIFANI', 302, '0036497282', '2003-08-29'),
(1215, '0024873095', 'ONGKY REYZA SAPUTRA', 302, '0024873095', '2002-09-21'),
(1216, '0029615197', 'PUTRI LUVITA DEWI', 302, '0029615197', '2002-04-13'),
(1217, '0026477829', 'QUROTHUL NADIVA', 302, '0026477829', '2002-07-17'),
(1218, '0028376404', 'RADITE TRI NANDA', 302, '0028376404', '2002-04-12'),
(1219, '0025750782', 'RISALATUL UMAMI', 302, '0025750782', '2002-08-21'),
(1220, '0028637967', 'RIZQI ZULVIA AZIZAH', 302, '0028637967', '2002-08-10'),
(1221, '0031970856', 'SARAH DYONITA', 302, '0031970856', '2003-11-09'),
(1222, '0033033908', 'SCHEVA FITRAH PRATAMA HARIS', 302, '0033033908', '2003-12-19'),
(1223, '0026478148', 'SITI MONALISA', 302, '0026478148', '2002-06-19'),
(1224, '0025918339', 'SOFIA MIFTAHUL AINI', 302, '0025918339', '2002-09-24'),
(1225, '0033035421', 'SURYA ADI WIBOWO', 302, '0033035421', '2003-03-26'),
(1226, '0026479094', 'TONDE DANAS', 302, '0026479094', '2002-11-30'),
(1227, '0033033795', 'VERRIZAL RIZKY REINALDI', 302, '0033033795', '2003-04-18'),
(1228, '0033034169', 'VIRA NASYA FEBRIANTI', 302, '0033034169', '2003-02-08'),
(1229, '0037510767', 'Yohanes Setiawan', 302, '0037510767', '2003-01-21'),
(1230, '0027050762', 'YOHANES SHALOM NANJAYA', 302, '0027050762', '2002-12-15'),
(1231, '0023751563', 'ZIDNY HAMAMY EFDERIZA', 302, '0023751563', '2002-03-18'),
(1232, '0025918248', 'AGUS ALDY SUSANTO', 319, '0025918248', '2002-06-29'),
(1233, '0022479707', 'AINIA PANCA WULAN DARI', 319, '0022479707', '2002-01-22'),
(1234, '0023046818', 'AINUR ROHIMA', 319, '0023046818', '2002-12-12'),
(1235, '0025918241', 'ANGGA DWI PRATAMA', 319, '0025918241', '2002-01-15'),
(1236, '0027988487', 'ARISTA NOVIANA DEWI', 319, '0027988487', '2002-11-24'),
(1237, '0023420813', 'AULIA NURREZA AWALIN', 319, '0023420813', '2002-05-21'),
(1238, '0039964887', 'BELGIES FITRIYANI', 319, '0039964887', '2003-02-12'),
(1239, '0034017333', 'BELLA AFIDATUS SYIFA SUPRAGA', 319, '0034017333', '2003-04-05'),
(1240, '0026477505', 'BERLIAN MUTIA LESST', 319, '0026477505', '2002-09-05'),
(1241, '0028875402', 'CICIK MAULIDIAH', 319, '0028875402', '2002-06-08'),
(1242, '0024873383', 'CITRA DEWI MUSTIKA', 319, '0024873383', '2002-10-07'),
(1243, '0032096969', 'DAMARA LAEDY MEILANDA', 319, '0032096969', '2003-05-19'),
(1244, '0037640794', 'DESI RATNASARI', 319, '0037640794', '2002-12-17'),
(1245, '0025750775', 'DESI ROMANTIKA', 319, '0025750775', '2002-12-04'),
(1246, '0025750772', 'DHISMA NURANI', 319, '0025750772', '2002-11-15'),
(1247, '0026477837', 'DIAN AJENG NOVITASARI', 319, '0026477837', '2002-10-02'),
(1248, '0025550598', 'DWI WAHYUNINGTYAS', 319, '0025550598', '2001-03-28'),
(1249, '0035299964', 'FEBI ISNANIK', 319, '0035299964', '2003-01-27'),
(1250, '0016330193', 'FITRI ALIFAH', 319, '0016330193', '2001-12-16'),
(1251, '0028651020', 'HENI SUNASTI', 319, '0028651020', '2002-07-03'),
(1252, '0002084490', 'JAKA BAGUS BIMANTORO', 319, '0002084490', '2000-10-20'),
(1253, '0029462243', 'JIHAN VEBBY ARISANDY', 319, '0029462243', '2002-01-13'),
(1254, '0025918245', 'KARMILA', 319, '0025918245', '2002-05-30'),
(1255, '0016959690', 'KESI KURNIAWATI', 319, '0016959690', '2001-11-16'),
(1256, '0038355654', 'KINO MIJI SERI', 319, '0038355654', '2003-03-13'),
(1257, '0028523033', 'LUSI SARI HERMAWATI', 319, '0028523033', '2002-12-21'),
(1258, '0030062853', 'MELDA EKA SANTI', 319, '0030062853', '2003-06-01'),
(1259, '0029742295', 'Mimma Anggia Wisdani', 319, '0029742295', '2002-08-22'),
(1260, '0026478573', 'MOCH. SUPIRMAN', 319, '0026478573', '2002-04-29'),
(1261, '0037921212', 'MUHAMMAD GILANG ILHAM WAHYUDA', 320, '0037921212', '2003-01-21'),
(1262, '0026478165', 'NABILA RINIKA RAMADINA', 320, '0026478165', '2002-11-26'),
(1263, '0026479338', 'NABILA SAFITRI', 320, '0026479338', '2002-12-07'),
(1264, '0026180472', 'NABILAH PALUPI AGUSTIN', 320, '0026180472', '2002-08-17'),
(1265, '0034411837', 'NI PUTU VIVIN NARDILA RAHAYU', 320, '0034411837', '2003-03-20'),
(1266, '0036048559', 'NOVA AZIZAH', 320, '0036048559', '2003-01-30'),
(1267, '0025750771', 'NOVIANTI DWI AZIZAH', 320, '0025750771', '2002-11-01'),
(1268, '0028230530', 'PITRIANA', 320, '0028230530', '2002-12-05'),
(1269, '0035019349', 'PRAMITA APRILIYANTI', 320, '0035019349', '2003-04-14'),
(1270, '0029938471', 'PRETI ANDINI', 320, '0029938471', '2002-12-25'),
(1271, '0018552962', 'PUTRIYANI', 320, '0018552962', '2001-12-28'),
(1272, '0034798265', 'RISA ARWIYANI', 320, '0034798265', '2003-01-11'),
(1273, '0026477693', 'RISMA YULITA', 320, '0026477693', '2002-07-27'),
(1274, '0025918246', 'RIZKI MUHAMMAD PRASTYO', 320, '0025918246', '2002-05-24'),
(1275, '0033034170', 'ROSMALINA CITRA WIJAYA', 320, '0033034170', '2003-02-11'),
(1276, '0026706570', 'SEFTIYA MAHARANI', 320, '0026706570', '2002-09-17'),
(1277, '0034544320', 'SELA MAULINA', 320, '0034544320', '2003-05-20'),
(1278, '0026783992', 'SINDI PATIKA SARI', 320, '0026783992', '2002-06-28'),
(1279, '0039831341', 'SINDI PUSPITASARI', 320, '0039831341', '2003-05-30'),
(1280, '0026382600', 'SITI SUGIRAHAYU', 320, '0026382600', '2002-08-28'),
(1281, '0033034428', 'SONIA PUJI APRILIA', 320, '0033034428', '2003-04-06'),
(1282, '0025918257', 'SULISTIOWATI', 320, '0025918257', '2002-12-05'),
(1283, '0033035595', 'ULFA RATNASARI', 320, '0033035595', '2003-01-13'),
(1284, '0039039843', 'Ulfa Wulandari', 320, '0039039843', '2003-06-23'),
(1285, '0041927467', 'WAHYU ALFARISKI', 320, '0041927467', '2004-08-01'),
(1286, '0026477666', 'YUDHISTIRA RYANANDA ASHARY', 320, '0026477666', '2002-12-17'),
(1287, '0026477698', 'YULI SARTIKA DEWI', 320, '0026477698', '2002-10-01'),
(1288, '0037534676', 'ABDUR ROHMAN', 303, '0037534676', '2003-02-14'),
(1289, '0034089771', 'ABEL TASYA ADELIA AGATHA', 303, '0034089771', '2003-07-17'),
(1290, '0033033950', 'ADELA MARTA DWI PUSPITA', 303, '0033033950', '2003-03-21'),
(1291, '0039076914', 'ADIETIYA SASKIADIS', 303, '0039076914', '2003-02-01'),
(1292, '0024909099', 'ALDI LUKMAN HAKIM', 303, '0024909099', '2002-04-12'),
(1293, '0027213142', 'AMELIA INTAN PRASASTI', 303, '0027213142', '2002-09-24'),
(1294, '0033035099', 'ANANDA DWI ARDIANSYAH', 303, '0033035099', '2003-01-24'),
(1295, '0026477710', 'ANISA AYU MUSTIKA', 303, '0026477710', '2002-07-05'),
(1296, '0026485917', 'AWALIA ELOK NINGTIAS', 303, '0026485917', '2002-08-09'),
(1297, '0025513686', 'BAGUS ARIF SETIAWAN', 303, '0025513686', '2002-03-10'),
(1298, '0027404443', 'BIMO DWI LAKSONO', 303, '0027404443', '2002-09-21'),
(1299, '0028178102', 'DARMAWAN AGUNG PRASETIO', 303, '0028178102', '2002-07-03'),
(1300, '0038261350', 'DEWI ALFINA EKA PUTRI', 303, '0038261350', '2003-03-31'),
(1301, '0016901829', 'DIAN SETIAWAN', 303, '0016901829', '2001-12-04'),
(1302, '0026479622', 'DICKY MULIA FIQRI', 303, '0026479622', '2002-09-03'),
(1303, '0032074000', 'DINANTI SHELA MAHASIWI', 303, '0032074000', '2003-02-01'),
(1304, '0032458074', 'DINDA YUNITA PRATIWI', 303, '0032458074', '2003-02-28'),
(1305, '0020266591', 'FIKRI SETYAWAN', 303, '0020266591', '2002-12-27'),
(1306, '0033354383', 'FIQI FATHUR ALI ZAMAN', 303, '0033354383', '2003-06-29'),
(1307, '0023882460', 'FIRDA KURNIA', 303, '0023882460', '2002-11-22'),
(1308, '0025323194', 'FITRIA NUR AZIZAH KUSUMA WARDHANI', 303, '0025323194', '2002-04-11'),
(1309, '0027882746', 'FRANDA YUSUF VICCYNOVRI', 303, '0027882746', '2002-11-08'),
(1310, '0033033920', 'GILANG ARYA PRAMUDITYA', 303, '0033033920', '2003-01-13'),
(1311, '0034212198', 'HAKIM LAMBANG PERMANA', 303, '0034212198', '2002-09-16'),
(1312, '0023189408', 'HERLINA RAMAWATI', 303, '0023189408', '2002-05-22'),
(1313, '0026479311', 'ILHAM ABIYYU NAWWAF', 303, '0026479311', '2002-10-10'),
(1314, '0029233494', 'ILHAN MANSIZ', 303, '0029233494', '2002-07-30'),
(1315, '0035299962', 'INDRA SAPUTRA', 303, '0035299962', '2003-01-15'),
(1316, '0028919790', 'INTAN AYU SUKMANA', 303, '0028919790', '2002-05-09'),
(1317, '0027815890', 'IQLIMA SALWA NUGROHO', 303, '0027815890', '2002-08-06'),
(1318, '0027201693', 'JUNEAU AKBAR CAHYONO', 303, '0027201693', '2002-08-06'),
(1319, '0022513052', 'KIKY ANGGA PRATAMA', 303, '0022513052', '2002-04-10'),
(1320, '0031798781', 'LAILY FARIDA HARNUM', 303, '0031798781', '2003-07-19'),
(1321, '0033033694', 'LUH FAIZA ANNISA PUTRI', 304, '0033033694', '2003-01-04'),
(1322, '0025431480', 'LUTFI DIMASQY', 304, '0025431480', '2002-06-29'),
(1323, '0033034742', 'M. GILANG HIMAWAN', 304, '0033034742', '2003-07-05'),
(1324, '0028515024', 'MARTHA SYAFIRA ULINNUHA', 304, '0028515024', '2002-12-18'),
(1325, '0026477823', 'MEI DIAMITA', 304, '0026477823', '2002-05-14'),
(1326, '0026477889', 'MOCH. FAHMI IQBAL', 304, '0026477889', '2002-09-27'),
(1327, '0027053439', 'Moch. Ramzy Daffa Putra', 304, '0027053439', '2002-06-29'),
(1328, '0027577289', 'MOH FARRIJ WAJDI', 304, '0027577289', '2002-07-25'),
(1329, '0036283368', 'MOHAMAD ABI ANANDA', 304, '0036283368', '2003-06-10'),
(1330, '0026478183', 'MOHAMMAD LUTFI KURNIAWAN', 304, '0026478183', '2002-12-12'),
(1331, '0037026050', 'MUHAMAD ZULFIKAR PAGAR ALAM', 304, '0037026050', '2003-07-27'),
(1332, '0015984627', 'MUHAMMAD ARMAN MAULANA', 304, '0015984627', '2001-10-22'),
(1333, '0029559006', 'MUHAMMAD LUTFI', 304, '0029559006', '2002-12-14'),
(1334, '0036659498', 'MUHAMMAD PIYARR SIFA ULINUHA', 304, '0036659498', '2003-03-27'),
(1335, '0027416387', 'NOVIANTI ELISABETH TONUNGBELA', 304, '0027416387', '2002-04-10'),
(1336, '0029453537', 'NOVITA PUTRI LESST', 304, '0029453537', '2002-11-05'),
(1337, '0035039472', 'NUR AZIZAH', 304, '0035039472', '2003-08-17'),
(1338, '0027416413', 'NUR IMAMA', 304, '0027416413', '2002-08-12'),
(1339, '0036286338', 'NUR IMAMAH', 304, '0036286338', '2003-02-03'),
(1340, '0033033991', 'RAFAEL IVAN SETIYANTORO', 304, '0033033991', '2003-09-15'),
(1341, '0031970237', 'RIA SURYANI', 304, '0031970237', '2003-04-06'),
(1342, '0033632603', 'RIKA SUMITA WIMANDA SARI', 304, '0033632603', '2003-01-06'),
(1343, '0036331446', 'RIMA PUTRI HIKMAWATI', 304, '0036331446', '2003-03-12'),
(1344, '0022464573', 'RIZKY MAULANA', 304, '0022464573', '2003-05-14'),
(1345, '0026478433', 'RIZKY MYLANI AULIA', 304, '0026478433', '2002-05-30');
INSERT INTO `siswa` (`id_siswa`, `nisn`, `nm_siswa`, `id_kelas`, `username`, `password`) VALUES
(1346, '0028919794', 'ROMEL MAULANA', 304, '0028919794', '2002-05-15'),
(1347, '0017703377', 'ROMI DARMAWAN', 304, '0017703377', '2001-03-01'),
(1348, '0027706876', 'RYAN AJENG SUKMA DEWI TITAH PRATAMA', 304, '0027706876', '2002-05-18'),
(1349, '0026477651', 'SABINA NURI AYU', 304, '0026477651', '2002-10-14'),
(1350, '0027357120', 'SEPTIAN RAHMAD MAULANA', 304, '0027357120', '2002-09-29'),
(1351, '0033033911', 'SHAFA KUSUMAWATI', 304, '0033033911', '2003-01-04'),
(1352, '0040551765', 'SISKA JANUARITA SARI', 304, '0040551765', '2004-01-24'),
(1353, '0028724296', 'SITI WULANDARI', 304, '0028724296', '2002-07-13'),
(1354, '0032458162', 'WIDYA PUJA PRATIWI', 304, '0032458162', '2003-03-04'),
(1355, '0024828438', 'YUNANTA DWI KRISTANTO', 304, '0024828438', '2002-12-27');

--
-- Indexes for dumped tables
--

--
-- Indexes for table `ampu`
--
ALTER TABLE `ampu`
  ADD PRIMARY KEY (`id_ampu`);

--
-- Indexes for table `guru`
--
ALTER TABLE `guru`
  ADD PRIMARY KEY (`id_guru`);

--
-- Indexes for table `kelas`
--
ALTER TABLE `kelas`
  ADD PRIMARY KEY (`id_kelas`);

--
-- Indexes for table `log`
--
ALTER TABLE `log`
  ADD PRIMARY KEY (`id_log`);

--
-- Indexes for table `mapel`
--
ALTER TABLE `mapel`
  ADD PRIMARY KEY (`id_mapel`);

--
-- Indexes for table `materi`
--
ALTER TABLE `materi`
  ADD PRIMARY KEY (`id_materi`);

--
-- Indexes for table `post`
--
ALTER TABLE `post`
  ADD PRIMARY KEY (`id_post`);

--
-- Indexes for table `reply`
--
ALTER TABLE `reply`
  ADD PRIMARY KEY (`id_reply`);

--
-- Indexes for table `siswa`
--
ALTER TABLE `siswa`
  ADD PRIMARY KEY (`id_siswa`);

--
-- AUTO_INCREMENT for dumped tables
--

--
-- AUTO_INCREMENT for table `ampu`
--
ALTER TABLE `ampu`
  MODIFY `id_ampu` mediumint(6) UNSIGNED NOT NULL AUTO_INCREMENT, AUTO_INCREMENT=744;

--
-- AUTO_INCREMENT for table `guru`
--
ALTER TABLE `guru`
  MODIFY `id_guru` tinyint(3) UNSIGNED NOT NULL AUTO_INCREMENT, AUTO_INCREMENT=97;

--
-- AUTO_INCREMENT for table `kelas`
--
ALTER TABLE `kelas`
  MODIFY `id_kelas` smallint(3) UNSIGNED NOT NULL AUTO_INCREMENT, AUTO_INCREMENT=323;

--
-- AUTO_INCREMENT for table `log`
--
ALTER TABLE `log`
  MODIFY `id_log` int(9) UNSIGNED NOT NULL AUTO_INCREMENT;

--
-- AUTO_INCREMENT for table `mapel`
--
ALTER TABLE `mapel`
  MODIFY `id_mapel` smallint(4) UNSIGNED NOT NULL AUTO_INCREMENT, AUTO_INCREMENT=154;

--
-- AUTO_INCREMENT for table `materi`
--
ALTER TABLE `materi`
  MODIFY `id_materi` mediumint(6) UNSIGNED NOT NULL AUTO_INCREMENT, AUTO_INCREMENT=5;

--
-- AUTO_INCREMENT for table `post`
--
ALTER TABLE `post`
  MODIFY `id_post` mediumint(9) UNSIGNED NOT NULL AUTO_INCREMENT;

--
-- AUTO_INCREMENT for table `reply`
--
ALTER TABLE `reply`
  MODIFY `id_reply` mediumint(9) UNSIGNED NOT NULL AUTO_INCREMENT;

--
-- AUTO_INCREMENT for table `siswa`
--
ALTER TABLE `siswa`
  MODIFY `id_siswa` smallint(5) UNSIGNED NOT NULL AUTO_INCREMENT, AUTO_INCREMENT=1356;
COMMIT;

/*!40101 SET CHARACTER_SET_CLIENT=@OLD_CHARACTER_SET_CLIENT */;
/*!40101 SET CHARACTER_SET_RESULTS=@OLD_CHARACTER_SET_RESULTS */;
/*!40101 SET COLLATION_CONNECTION=@OLD_COLLATION_CONNECTION */;
